read_name,read_len,start_time,barcode,best_reference,ref_len,start_coords,end_coords,num_matches,aln_block_len
19ea3e22-578f-4158-87d3-5c619f588477,394,2019-08-30T14:44:53Z,none,NiV|human|MYS|Nipah|1999,18246,11313,11621,131,312
3d28bd2a-1ba4-4c23-a5a6-fc425e6075d4,415,2019-08-30T14:44:53Z,none,NiV|human|MYS|Nipah|1999,18246,2809,3134,188,329
19dacfcc-158f-459d-8038-bbca17ada7c8,423,2019-08-30T14:44:53Z,none,NiV|human|MYS|Nipah|1999,18246,327,670,140,343
51372596-4f39-48a4-93ea-bea90a28775f,427,2019-08-30T14:44:53Z,none,NiV|human|MYS|Nipah|1999,18246,5792,6047,110,271
f649285e-9276-4849-acf5-322be51fe18c,419,2019-08-30T14:44:52Z,none,NiV|human|MYS|Nipah|1999,18246,14969,15252,149,285
968bf916-6a44-4013-8909-552c22854140,385,2019-08-30T14:44:53Z,none,NiV|human|MYS|Nipah|1999,18246,12,363,242,357
c6016a92-d745-4635-a71b-a3143705ef66,402,2019-08-30T14:44:53Z,none,NiV|human|MYS|Nipah|1999,18246,9480,9851,300,380
cd845178-343e-4b1b-8c32-3ea256c4e315,410,2019-08-30T14:44:54Z,none,NiV|human|MYS|Nipah|1999,18246,8827,9181,212,358
c7c9bd6e-8c5c-4c5b-bb21-ab350eb56d13,417,2019-08-30T14:44:53Z,none,NiV|human|MYS|Nipah|1999,18246,4886,5264,305,382
229b7f56-127c-4428-b436-1e61a2912d01,403,2019-08-30T14:44:54Z,none,NiV|human|MYS|Nipah|1999,18246,949,1268,205,322
a259a9ed-b37e-4faf-a1d1-7ccfaca809c8,424,2019-08-30T14:44:53Z,none,NiV|human|MYS|Nipah|1999,18246,645,1024,243,396
fc6da8f5-8abe-40a0-bcfa-42f3271fad06,213,2019-08-30T14:44:54Z,none,NiV|human|MYS|Nipah|1999,18246,8799,8867,56,68
fc6da8f5-8abe-40a0-bcfa-42f3271fad06,213,2019-08-30T14:44:54Z,none,NiV|human|MYS|Nipah|1999,18246,13663,13718,55,55
32d3793d-cc92-4f8f-a946-dbb66fd44474,415,2019-08-30T14:44:54Z,none,NiV|human|MYS|Nipah|1999,18246,7350,7705,192,359
2862424d-dc9d-451a-a447-ffa0167917ce,422,2019-08-30T14:44:54Z,none,NiV|human|MYS|Nipah|1999,18246,12119,12493,277,380
9f7863c9-f61f-4ebc-9d20-572d4aa029d0,437,2019-08-30T14:44:53Z,none,NiV|human|MYS|Nipah|1999,18246,5178,5587,224,413
7d155fbb-c0b7-4a4c-aa2d-65b56de22c0d,407,2019-08-30T14:44:54Z,none,NiV|human|MYS|Nipah|1999,18246,4334,4635,192,303
f6182517-c118-4e9a-8ba2-fda17f2600fa,412,2019-08-30T14:44:53Z,none,NiV|human|MYS|Nipah|1999,18246,10090,10459,164,369
68816aba-4fe8-4e80-8844-7e489103bf78,402,2019-08-30T14:44:53Z,none,NiV|human|MYS|Nipah|1999,18246,11525,11792,134,269
e9e7e717-20fd-4189-8af9-2c1f56302b05,234,2019-08-30T14:44:54Z,none,NiV|human|MYS|Nipah|1999,18246,12345,12477,96,132
922d8e97-c8af-4c61-923e-18a3f1c73bb6,429,2019-08-30T14:44:53Z,none,NiV|human|MYS|Nipah|1999,18246,10965,11332,266,372
909d8eff-5b78-475f-bd10-7c1d1ffc7b83,397,2019-08-30T14:44:53Z,none,NiV|human|MYS|Nipah|1999,18246,7077,7401,193,326
9f6dd683-f5d9-432d-8a3b-e905a7229652,403,2019-08-30T14:44:53Z,none,NiV|human|MYS|Nipah|1999,18246,2819,3147,222,333
15a3009d-ef5e-493f-b1ef-4191defcfce5,381,2019-08-30T14:44:53Z,none,NiV|human|MYS|Nipah|1999,18246,3150,3490,182,345
0026f398-cad8-49ab-8900-52bb0f80204a,403,2019-08-30T14:44:54Z,none,NiV|human|MYS|Nipah|1999,18246,17056,17418,150,368
704319a6-9775-4b03-8bc7-f5808d7e6b1e,399,2019-08-30T14:44:53Z,none,NiV|human|MYS|Nipah|1999,18246,17142,17397,149,256
c972d399-a7c3-4e6e-b8d8-8aeaf5ab20fe,404,2019-08-30T14:44:53Z,none,NiV|human|MYS|Nipah|1999,18246,13992,14333,236,349
b5f8cbfd-130c-4f81-9560-20e82a6c3208,394,2019-08-30T14:44:53Z,none,NiV|human|MYS|Nipah|1999,18246,8904,9206,239,304
c5abce4a-7a05-4214-bd38-0af0424f844e,402,2019-08-30T14:44:53Z,none,NiV|human|MYS|Nipah|1999,18246,17038,17227,150,191
6441e42e-0d43-458e-826a-dd4fb56f46e4,554,2019-08-30T14:44:53Z,none,NiV|human|MYS|Nipah|1999,18246,11583,11909,258,332
6441e42e-0d43-458e-826a-dd4fb56f46e4,554,2019-08-30T14:44:53Z,none,NiV|human|MYS|Nipah|1999,18246,14624,14764,134,141
ae63a13c-9d5a-417d-9022-0ee788a0fbcc,426,2019-08-30T14:44:53Z,none,NiV|human|MYS|Nipah|1999,18246,8863,9209,281,350
ab540bfd-0c57-45fd-96d3-3d9b8a906246,274,2019-08-30T14:44:53Z,none,NiV|human|MYS|Nipah|1999,18246,10676,10883,176,210
cd526b93-9061-46a4-a6aa-cb11854068b9,413,2019-08-30T14:44:53Z,none,NiV|human|MYS|Nipah|1999,18246,7386,7730,216,351
14b8d676-e570-4cd5-95e9-75b48923a111,199,2019-08-30T14:44:54Z,none,NiV|human|MYS|Nipah|1999,18246,319,451,114,132
36a927b5-9ccf-4fd2-a8d1-43fff354066c,419,2019-08-30T14:44:53Z,none,NiV|human|MYS|Nipah|1999,18246,7682,8042,187,366
ba17e8c4-858a-4971-afbd-5cb883007c30,211,2019-08-30T14:44:53Z,none,NiV|human|MYS|Nipah|1999,18246,17994,18135,84,145
196b4f6e-213d-4f1b-a2ab-bee0e635caf8,384,2019-08-30T14:44:53Z,none,NiV|human|MYS|Nipah|1999,18246,13975,14333,203,361
ea13cafc-d870-49ea-bd50-c221467c23c4,415,2019-08-30T14:44:53Z,none,NiV|human|MYS|Nipah|1999,18246,23,401,245,379
93f29f90-94c1-481b-b84f-f0c1f3f46d24,412,2019-08-30T14:44:53Z,none,NiV|human|MYS|Nipah|1999,18246,16153,16483,221,331
83b96827-ff26-4125-9c18-b9a337fdf3e6,374,2019-08-30T14:44:52Z,none,NiV|human|MYS|Nipah|1999,18246,2822,3134,184,315
e539ce3e-875d-4ea9-90a7-0d0d75313644,418,2019-08-30T14:44:53Z,none,NiV|human|MYS|Nipah|1999,18246,3114,3481,189,374
12e262bc-4950-4f14-909c-b5481034b626,284,2019-08-30T14:44:53Z,none,NiV|human|MYS|Nipah|1999,18246,10738,10928,150,191
67c22d08-78ac-40c2-9476-940cf3325f35,373,2019-08-30T14:44:53Z,none,NiV|human|MYS|Nipah|1999,18246,17352,17707,225,358
d6a2ad42-dbb0-4c61-ae94-fcefdd909c36,362,2019-08-30T14:44:53Z,none,NiV|human|MYS|Nipah|1999,18246,17038,17388,155,351
4af4b52e-e798-4619-98bc-8575f822dc15,434,2019-08-30T14:44:54Z,none,NiV|human|MYS|Nipah|1999,18246,11532,11909,202,378
0a71e1a6-5264-4b66-a835-11903a56bb3c,377,2019-08-30T14:44:53Z,none,NiV|human|MYS|Nipah|1999,18246,949,1305,275,358
3bea63ef-b8d6-49d0-a4ec-7dd7b69267f4,416,2019-08-30T14:44:53Z,none,NiV|human|MYS|Nipah|1999,18246,16104,16483,279,384
106f4890-e684-4888-b0c3-9c360f615458,403,2019-08-30T14:44:54Z,none,NiV|human|MYS|Nipah|1999,18246,5518,5895,140,379
e1e646e2-4046-4a5d-997f-5c69e9c831e5,779,2019-08-30T14:44:52Z,none,NiV|human|MYS|Nipah|1999,18246,14891,15245,267,360
e1e646e2-4046-4a5d-997f-5c69e9c831e5,779,2019-08-30T14:44:52Z,none,NiV|human|MYS|Nipah|1999,18246,8838,9183,204,345
54420bc1-88cd-4957-bea8-030c93d8d576,420,2019-08-30T14:44:53Z,none,NiV|human|MYS|Nipah|1999,18246,7682,8042,247,368
e8eecd62-a68f-45bf-84fb-d756f00a5ee0,393,2019-08-30T14:44:53Z,none,NiV|human|MYS|Nipah|1999,18246,9502,9842,218,342
5edef990-e1f7-4042-acdb-01255f9d35a7,363,2019-08-30T14:44:53Z,none,NiV|human|MYS|Nipah|1999,18246,2489,2813,113,324
e0b03a20-567f-45fd-9fe5-090696d2768a,439,2019-08-30T14:44:53Z,none,NiV|human|MYS|Nipah|1999,18246,15182,15553,224,376
324e8809-0004-4976-a97c-5beaa2c75e77,437,2019-08-30T14:44:53Z,none,NiV|human|MYS|Nipah|1999,18246,5522,5895,197,383
45fc4c71-66e3-442c-afb1-a16855d5df66,418,2019-08-30T14:44:53Z,none,NiV|human|MYS|Nipah|1999,18246,7047,7378,214,337
4a8204cb-7dac-4562-90cf-0b33812e88b5,412,2019-08-30T14:44:53Z,none,NiV|human|MYS|Nipah|1999,18246,12748,13087,269,341
ade0beff-bbb5-47bd-bbe2-033edf11b52a,368,2019-08-30T14:44:54Z,none,NiV|human|MYS|Nipah|1999,18246,16418,16778,203,362
9ea5e385-1e6e-4c25-996d-eb8b7525f5c0,383,2019-08-30T14:44:53Z,none,NiV|human|MYS|Nipah|1999,18246,16412,16773,270,364
645c50be-aa6f-494f-8ac0-ba3e160d3302,390,2019-08-30T14:44:53Z,none,NiV|human|MYS|Nipah|1999,18246,7350,7705,191,363
1b422d91-6b13-425f-bdc1-dcbd4ab11c1e,419,2019-08-30T14:44:53Z,none,NiV|human|MYS|Nipah|1999,18246,1240,1633,296,396
48b04a2b-9d7b-4c26-835e-1cd22f87ad0a,405,2019-08-30T14:44:52Z,none,NiV|human|MYS|Nipah|1999,18246,348,697,221,353
f7cf8418-2f60-4f6e-b61b-f8e01e2a6185,384,2019-08-30T14:44:53Z,none,NiV|human|MYS|Nipah|1999,18246,13080,13409,170,330
135c39ee-2e0a-4aff-bff1-5bf151bf0374,392,2019-08-30T14:44:52Z,none,NiV|human|MYS|Nipah|1999,18246,1248,1431,139,184
fff1bdc7-5cec-45e5-93f8-b7e7e9a8270b,412,2019-08-30T14:44:53Z,none,NiV|human|MYS|Nipah|1999,18246,9151,9517,273,370
14447976-f207-47cc-813c-5958ab2364de,367,2019-08-30T14:44:53Z,none,NiV|human|MYS|Nipah|1999,18246,3139,3490,208,353
8ec17b16-397b-4a53-b824-bc2e35606abc,381,2019-08-30T14:44:53Z,none,NiV|human|MYS|Nipah|1999,18246,7973,8306,231,337
217b5598-0085-47bf-97d5-462422555dce,380,2019-08-30T14:44:53Z,none,NiV|human|MYS|Nipah|1999,18246,11820,12155,109,342
e79486ff-161d-4bf0-b179-2da0ff845167,405,2019-08-30T14:44:53Z,none,NiV|human|MYS|Nipah|1999,18246,13985,14333,238,356
342903fa-fedd-40ff-8ef0-24b3e08f4b0e,172,2019-08-30T14:44:54Z,none,NiV|human|MYS|Nipah|1999,18246,1650,1767,90,118
9c300087-1cb8-4f53-82bd-1887dc542445,412,2019-08-30T14:44:53Z,none,NiV|human|MYS|Nipah|1999,18246,14923,15232,114,316
6121d35e-6f12-45ef-a8c3-d14ac6d5233f,414,2019-08-30T14:44:54Z,none,NiV|human|MYS|Nipah|1999,18246,12717,13095,265,381
724c0db9-7e22-49ff-8709-378d13255e6c,400,2019-08-30T14:44:53Z,none,NiV|human|MYS|Nipah|1999,18246,9492,9842,224,350
224b0bcd-40c6-4e13-9161-a13960642b56,402,2019-08-30T14:44:53Z,none,NiV|human|MYS|Nipah|1999,18246,11301,11610,270,309
5995ae8e-613b-4b15-926a-7c368272f3d2,656,2019-08-30T14:44:52Z,none,NiV|human|MYS|Nipah|1999,18246,13440,14045,418,617
108ef866-9d73-4597-8fd4-3d08d8a501ae,397,2019-08-30T14:44:53Z,none,NiV|human|MYS|Nipah|1999,18246,9492,9842,261,351
df644309-4d08-45c3-9500-a031e04296c3,454,2019-08-30T14:44:53Z,none,NiV|human|MYS|Nipah|1999,18246,15788,16198,341,417
69ef92c0-e56c-40a3-a73b-c5ddc3a90993,413,2019-08-30T14:44:53Z,none,NiV|human|MYS|Nipah|1999,18246,2830,3165,202,342
941e4d69-f95b-4bc3-a891-a75ff6cdd7c7,292,2019-08-30T14:44:53Z,none,NiV|human|MYS|Nipah|1999,18246,7817,8032,131,215
197c1115-a4f5-408a-983b-effac80be1ca,424,2019-08-30T14:44:53Z,none,NiV|human|MYS|Nipah|1999,18246,3732,4090,243,364
e65d9dfe-04c8-483d-8d7f-d29ff0f9f58f,426,2019-08-30T14:44:53Z,none,NiV|human|MYS|Nipah|1999,18246,7665,8032,175,372
412ea538-2f90-4029-84f5-9fcfe957e4c2,394,2019-08-30T14:44:53Z,none,NiV|human|MYS|Nipah|1999,18246,8852,9196,260,346
510481ac-266e-4e84-8a93-1ef9d19aa79e,415,2019-08-30T14:44:53Z,none,NiV|human|MYS|Nipah|1999,18246,11583,11909,186,334
e1da0f88-9023-415c-a603-a7e5c8802e97,254,2019-08-30T14:44:53Z,none,NiV|human|MYS|Nipah|1999,18246,14888,15134,108,246
8d25c142-4d62-49da-9487-dc168871bc54,405,2019-08-30T14:44:53Z,none,NiV|human|MYS|Nipah|1999,18246,12396,12773,264,384
c9343d3e-bc85-4343-8c58-fea302bf7f54,432,2019-08-30T14:44:53Z,none,NiV|human|MYS|Nipah|1999,18246,1253,1604,241,354
431144d1-4d77-4523-82c6-e3aa849c12ff,421,2019-08-30T14:44:53Z,none,NiV|human|MYS|Nipah|1999,18246,10958,11316,255,360
731560c5-da82-4d16-b930-6786a8bb2278,411,2019-08-30T14:44:53Z,none,NiV|human|MYS|Nipah|1999,18246,1883,2231,205,348
db019e29-54db-4540-bd4a-22ef73f1f3a5,415,2019-08-30T14:44:53Z,none,NiV|human|MYS|Nipah|1999,18246,13346,13696,109,351
87a9ff46-924d-4d51-b33e-9989ea06aede,462,2019-08-30T14:44:53Z,none,NiV|human|MYS|Nipah|1999,18246,14869,15245,287,384
8465f9c8-c029-4cea-9162-b1b8abc54695,458,2019-08-30T14:44:53Z,none,NiV|human|MYS|Nipah|1999,18246,15199,15549,272,360
53cd0718-92bf-491b-acda-2d4a7c288a2a,322,2019-08-30T14:44:53Z,none,NiV|human|MYS|Nipah|1999,18246,14869,15127,144,260
692273e9-ae30-45ac-8313-d911d35f8240,406,2019-08-30T14:44:53Z,none,NiV|human|MYS|Nipah|1999,18246,319,704,137,392
f905e962-ad69-4e1e-8a73-27004c749905,403,2019-08-30T14:44:53Z,none,NiV|human|MYS|Nipah|1999,18246,7026,7368,223,345
04a0f998-20cd-4ca0-b166-cffb8d0c2b02,430,2019-08-30T14:44:53Z,none,NiV|human|MYS|Nipah|1999,18246,13030,13390,166,371
e2375d12-ad25-4a16-9726-a6a90d9898e2,385,2019-08-30T14:44:53Z,none,NiV|human|MYS|Nipah|1999,18246,16410,16729,114,319
f9f5002c-f615-44c7-85fa-fbf98a05c2e6,422,2019-08-30T14:44:53Z,none,NiV|human|MYS|Nipah|1999,18246,10994,11332,265,339
b31a7b7a-c22c-48e0-93de-3b1b91251cfb,386,2019-08-30T14:44:53Z,none,NiV|human|MYS|Nipah|1999,18246,7956,8292,261,337
1c1059de-ee8d-4b29-8fb7-39b22f5a59a8,370,2019-08-30T14:44:53Z,none,NiV|human|MYS|Nipah|1999,18246,7703,7997,158,302
bd3228d9-6805-41e3-b31e-cf16808e5861,448,2019-08-30T14:44:53Z,none,NiV|human|MYS|Nipah|1999,18246,15155,15553,230,403
fa646b8a-799b-4cf4-8584-5dcd2a2dc549,420,2019-08-30T14:44:53Z,none,NiV|human|MYS|Nipah|1999,18246,17080,17397,227,320
ac15fd7f-2a4d-4709-81b2-26d0079e2721,399,2019-08-30T14:44:53Z,none,NiV|human|MYS|Nipah|1999,18246,10423,10746,154,330
f7f81052-aba6-4129-a280-94e9063e41d5,387,2019-08-30T14:44:55Z,none,NiV|human|MYS|Nipah|1999,18246,3442,3788,197,350
29869716-729f-4c02-b915-ed2c0ca658fc,405,2019-08-30T14:44:54Z,none,NiV|human|MYS|Nipah|1999,18246,6714,7092,312,380
aa572429-0791-47cc-8e52-77678181fad6,224,2019-08-30T14:44:55Z,none,NiV|human|MYS|Nipah|1999,18246,39,110,46,71
dd935a7e-9b37-4e9a-a505-d5e42a14813e,378,2019-08-30T14:44:55Z,none,NiV|human|MYS|Nipah|1999,18246,11525,11868,270,343
6b20e88d-0b0c-4d03-ad2a-c8095e78c16f,388,2019-08-30T14:44:55Z,none,NiV|human|MYS|Nipah|1999,18246,7750,7988,139,243
5814c49c-9cb5-443e-a213-04e563ce0fb9,422,2019-08-30T14:44:54Z,none,NiV|human|MYS|Nipah|1999,18246,16709,17079,300,371
fd56fcf4-f385-4c2d-a535-fa7ffd7f63f7,425,2019-08-30T14:44:54Z,none,NiV|human|MYS|Nipah|1999,18246,8271,8628,299,363
89434094-f280-4287-b80b-426d6e17817c,423,2019-08-30T14:44:54Z,none,NiV|human|MYS|Nipah|1999,18246,14294,14657,228,364
33b7a30d-abd9-447c-8465-b0f56ab73be3,197,2019-08-30T14:44:55Z,none,NiV|human|MYS|Nipah|1999,18246,14594,14730,105,138
bfb213d4-8799-44c2-b7ad-d0085ce410bb,401,2019-08-30T14:44:55Z,none,NiV|human|MYS|Nipah|1999,18246,13992,14340,295,348
4564faa2-f7be-4a5a-849f-9e1f4a44d453,441,2019-08-30T14:44:54Z,none,NiV|human|MYS|Nipah|1999,18246,15796,16189,241,399
79a6c2e6-055a-4f8f-a20e-d9b1bbc8dc0d,396,2019-08-30T14:44:54Z,none,NiV|human|MYS|Nipah|1999,18246,4615,4944,187,331
f6c75e56-5706-4b98-8925-b3f501b401fd,303,2019-08-30T14:44:55Z,none,NiV|human|MYS|Nipah|1999,18246,7026,7248,188,224
1885419c-43ac-4041-8f74-a717388958fa,416,2019-08-30T14:44:54Z,none,NiV|human|MYS|Nipah|1999,18246,14594,14970,271,381
8e6923a3-b8df-41f8-98f0-7023b232fd0c,409,2019-08-30T14:44:55Z,none,NiV|human|MYS|Nipah|1999,18246,961,1330,223,369
dd78aad3-4815-4ebe-bad3-5f2c827e9a7b,385,2019-08-30T14:44:55Z,none,NiV|human|MYS|Nipah|1999,18246,4886,5226,269,341
ab78d21e-a5df-4ee4-9e2f-4602d8c40995,409,2019-08-30T14:44:54Z,none,NiV|human|MYS|Nipah|1999,18246,8248,8623,316,378
c7a4b75f-a58b-4d6a-a82f-40e512d73bf8,419,2019-08-30T14:44:55Z,none,NiV|human|MYS|Nipah|1999,18246,17344,17680,143,349
0326f159-14ad-4adf-a9ee-4923ceef6651,422,2019-08-30T14:44:55Z,none,NiV|human|MYS|Nipah|1999,18246,419,725,179,308
76f0639d-2323-4894-a73e-e224bf4334ed,438,2019-08-30T14:44:54Z,none,NiV|human|MYS|Nipah|1999,18246,15570,15836,122,273
20e65695-4870-4677-903e-84dfe6ab8e9a,397,2019-08-30T14:44:55Z,none,NiV|human|MYS|Nipah|1999,18246,10090,10459,246,376
669dd4da-974e-4163-b447-62e42bc4ffc5,388,2019-08-30T14:44:54Z,none,NiV|human|MYS|Nipah|1999,18246,645,998,249,360
a16b63fb-8d47-48d5-89b3-890e3a85873d,214,2019-08-30T14:44:55Z,none,NiV|human|MYS|Nipah|1999,18246,10343,10408,61,67
dc2de960-a348-42fc-9ed8-9e7695fc80d1,291,2019-08-30T14:44:54Z,none,NiV|human|MYS|Nipah|1999,18246,14894,15115,91,222
4533abe9-25f9-44ad-b1be-1a75efc4d774,423,2019-08-30T14:44:54Z,none,NiV|human|MYS|Nipah|1999,18246,17825,18191,245,367
38c8f1a2-e295-4471-908f-fcaea6cea01e,416,2019-08-30T14:44:55Z,none,NiV|human|MYS|Nipah|1999,18246,16724,17059,208,341
92803136-1205-4bd2-bab2-97b464356574,370,2019-08-30T14:44:55Z,none,NiV|human|MYS|Nipah|1999,18246,9496,9816,235,321
5716edc3-185b-4696-b449-4ebf5dea6eb6,404,2019-08-30T14:44:55Z,none,NiV|human|MYS|Nipah|1999,18246,4322,4671,270,352
66b11b34-1769-4091-a8e7-f1c769387879,265,2019-08-30T14:44:54Z,none,NiV|human|MYS|Nipah|1999,18246,10676,10928,209,255
285755f3-d498-4c67-902c-c62843eaab4f,414,2019-08-30T14:44:55Z,none,NiV|human|MYS|Nipah|1999,18246,7675,8016,249,342
7cd35a57-74cb-4caa-9398-5a5aed4215d9,422,2019-08-30T14:44:54Z,none,NiV|human|MYS|Nipah|1999,18246,2822,3165,229,351
4990c4c6-ded1-4fb1-b960-103b7f1935fb,403,2019-08-30T14:44:54Z,none,NiV|human|MYS|Nipah|1999,18246,366,704,196,342
88cdfeea-2eed-492d-841f-83aade0e6d1e,408,2019-08-30T14:44:54Z,none,NiV|human|MYS|Nipah|1999,18246,13994,14333,292,342
fb88d5ac-45c7-45af-9734-707a3c7272b1,384,2019-08-30T14:44:54Z,none,NiV|human|MYS|Nipah|1999,18246,12140,12378,51,240
495cad0c-c5be-4bfb-b9f8-ddb17fcfd134,211,2019-08-30T14:44:55Z,none,NiV|human|MYS|Nipah|1999,18246,3505,3607,82,103
5cb86227-520b-4642-b936-ef478b60ef94,398,2019-08-30T14:44:55Z,none,NiV|human|MYS|Nipah|1999,18246,4597,4925,204,337
1c6fa5c0-9ba1-400d-8eae-5f7c4c8f772d,413,2019-08-30T14:44:55Z,none,NiV|human|MYS|Nipah|1999,18246,11263,11621,244,362
a56afcb1-4ec8-4721-be74-f3d66c507f59,433,2019-08-30T14:44:54Z,none,NiV|human|MYS|Nipah|1999,18246,3743,4111,271,377
15bf682c-cc85-4d92-9ef3-db61ffd35bff,415,2019-08-30T14:44:55Z,none,NiV|human|MYS|Nipah|1999,18246,7350,7730,266,384
fed081bc-d2f1-4d40-8066-93c7b20f7e76,372,2019-08-30T14:44:54Z,none,NiV|human|MYS|Nipah|1999,18246,969,1294,159,325
e0858d73-67e4-4b26-a6f7-b0a4fb8179b9,412,2019-08-30T14:44:54Z,none,NiV|human|MYS|Nipah|1999,18246,16709,17059,145,365
ee4b6350-d315-40db-9980-6d864846a9c7,440,2019-08-30T14:44:54Z,none,NiV|human|MYS|Nipah|1999,18246,12120,12464,123,344
94645f4b-c6dd-42e8-96fe-bc3112c8ad21,407,2019-08-30T14:44:54Z,none,NiV|human|MYS|Nipah|1999,18246,13080,13370,195,291
64249aab-9817-4bd7-959e-753804c97e77,383,2019-08-30T14:44:54Z,none,NiV|human|MYS|Nipah|1999,18246,10080,10438,263,360
a1fc3c96-cc90-4183-afbd-a254d5ee7ea1,440,2019-08-30T14:44:54Z,none,NiV|human|MYS|Nipah|1999,18246,359,660,174,303
c0ced05c-13a8-4fe2-8383-79820a6cf34f,421,2019-08-30T14:44:54Z,none,NiV|human|MYS|Nipah|1999,18246,12386,12707,201,325
31f5cd7f-2cd5-4cf9-9fa4-1f39ff1f9fb0,377,2019-08-30T14:44:54Z,none,NiV|human|MYS|Nipah|1999,18246,16115,16454,226,343
7ac6ce51-77b0-4a75-a84c-ddcf0e10663a,425,2019-08-30T14:44:54Z,none,NiV|human|MYS|Nipah|1999,18246,2634,2794,89,162
52350701-0799-4738-b0c3-85e89c65bd5d,432,2019-08-30T14:44:54Z,none,NiV|human|MYS|Nipah|1999,18246,645,1017,218,384
6953731a-1ed5-4535-98df-44de30cb1e28,372,2019-08-30T14:44:54Z,none,NiV|human|MYS|Nipah|1999,18246,1886,2229,253,345
07dbe951-9fa9-454c-b747-a214e4d05942,414,2019-08-30T14:44:54Z,none,NiV|human|MYS|Nipah|1999,18246,3438,3797,229,362
2a12515f-f9da-44a0-bc93-11728ae6b289,407,2019-08-30T14:44:54Z,none,NiV|human|MYS|Nipah|1999,18246,14283,14588,197,307
af6c3ae3-4517-4b22-95d1-707edbbf0b61,418,2019-08-30T14:44:54Z,none,NiV|human|MYS|Nipah|1999,18246,4620,4941,252,324
542b9e11-ee86-4ddb-aafd-52b9cabb7ff9,393,2019-08-30T14:44:53Z,none,NiV|human|MYS|Nipah|1999,18246,14888,15134,184,248
2d71ed91-ee0b-45e3-9922-2c692a6442ac,423,2019-08-30T14:44:54Z,none,NiV|human|MYS|Nipah|1999,18246,8516,8878,289,366
4f853efe-c322-46df-b1ea-f77c82539c8f,400,2019-08-30T14:44:54Z,none,NiV|human|MYS|Nipah|1999,18246,13975,14347,233,376
8fedec4c-709d-4d1d-bd69-25fe95a774e2,401,2019-08-30T14:44:54Z,none,NiV|human|MYS|Nipah|1999,18246,10393,10707,117,316
f1266998-7031-4b6f-aafc-6c5b050d3cbc,420,2019-08-30T14:44:54Z,none,NiV|human|MYS|Nipah|1999,18246,15,401,324,388
c8d20878-f4ec-4e1e-a2ee-114d997150cd,408,2019-08-30T14:44:55Z,none,NiV|human|MYS|Nipah|1999,18246,16139,16483,209,347
ad56aa9a-3586-4916-b36b-338ed7f569ce,418,2019-08-30T14:44:54Z,none,NiV|human|MYS|Nipah|1999,18246,949,1277,212,331
0d79cbdb-4175-46d1-92da-8ba2a952a92a,406,2019-08-30T14:44:55Z,none,NiV|human|MYS|Nipah|1999,18246,8248,8623,261,377
f6676a3a-f282-4e67-8c89-74445d233b61,415,2019-08-30T14:44:54Z,none,NiV|human|MYS|Nipah|1999,18246,1847,2229,303,383
1bc9f3b3-08c6-4b07-81b3-100907ac6226,787,2019-08-30T14:44:53Z,none,NiV|human|MYS|Nipah|1999,18246,15,359,248,345
1bc9f3b3-08c6-4b07-81b3-100907ac6226,787,2019-08-30T14:44:53Z,none,NiV|human|MYS|Nipah|1999,18246,10413,10758,200,351
b90cc03b-318b-450b-8642-9d2ab105d2b3,412,2019-08-30T14:44:54Z,none,NiV|human|MYS|Nipah|1999,18246,16775,17095,243,325
67a71d21-a61d-468c-9ca5-d60d5c131222,396,2019-08-30T14:44:54Z,none,NiV|human|MYS|Nipah|1999,18246,7072,7401,239,332
29ca76e7-2f14-4442-8c12-8fa1f7428adc,406,2019-08-30T14:44:54Z,none,NiV|human|MYS|Nipah|1999,18246,1253,1633,229,387
6d5754fa-354d-4bf0-a5f0-b944e087e558,352,2019-08-30T14:44:54Z,none,NiV|human|MYS|Nipah|1999,18246,14686,14903,83,222
b3c93b04-888e-4547-8764-70bc921d7c83,415,2019-08-30T14:44:54Z,none,NiV|human|MYS|Nipah|1999,18246,14894,15245,163,355
2a9b0359-1eed-4127-9816-ee0ad868f283,396,2019-08-30T14:44:54Z,none,NiV|human|MYS|Nipah|1999,18246,8863,9196,281,335
82ccb26f-92f7-46bb-93be-62b9de19e887,424,2019-08-30T14:44:54Z,none,NiV|human|MYS|Nipah|1999,18246,9801,10126,203,330
53f322ed-4422-4d2b-a146-ec914d0b5099,389,2019-08-30T14:44:54Z,none,NiV|human|MYS|Nipah|1999,18246,17835,18165,253,332
e9fdbe02-8323-4bff-9c52-13fdb104736c,391,2019-08-30T14:44:53Z,none,NiV|human|MYS|Nipah|1999,18246,1902,2231,237,337
29f6caad-3611-4ab7-819f-7564817c02bb,780,2019-08-30T14:44:53Z,none,NiV|human|MYS|Nipah|1999,18246,7026,7401,283,382
29f6caad-3611-4ab7-819f-7564817c02bb,780,2019-08-30T14:44:53Z,none,NiV|human|MYS|Nipah|1999,18246,5810,6161,215,353
c3f2c013-7dde-4270-911e-42c48a9a86aa,424,2019-08-30T14:44:54Z,none,NiV|human|MYS|Nipah|1999,18246,14614,14970,242,363
991ae3c6-b47e-464b-87ae-2e02f98d1c2e,417,2019-08-30T14:44:54Z,none,NiV|human|MYS|Nipah|1999,18246,394,725,222,335
ee7a4a16-6066-46ff-ba29-2b9a3b8e6952,423,2019-08-30T14:44:54Z,none,NiV|human|MYS|Nipah|1999,18246,13975,14324,196,357
2cb00a80-afe5-4c0f-9581-e6dab73b7461,410,2019-08-30T14:44:54Z,none,NiV|human|MYS|Nipah|1999,18246,13072,13399,235,329
a60eacb7-0dba-476d-8113-b6424e1e80ae,833,2019-08-30T14:44:53Z,none,NiV|human|MYS|Nipah|1999,18246,5800,6168,260,375
a60eacb7-0dba-476d-8113-b6424e1e80ae,833,2019-08-30T14:44:53Z,none,NiV|human|MYS|Nipah|1999,18246,7026,7393,190,373
53df2b6f-cf86-41b7-8f9e-0c1a1a47223d,418,2019-08-30T14:44:54Z,none,NiV|human|MYS|Nipah|1999,18246,2477,2780,184,312
706204ef-5689-4aa1-a062-d6e83e0beb34,428,2019-08-30T14:44:54Z,none,NiV|human|MYS|Nipah|1999,18246,16104,16483,151,381
5965980e-fc18-47d1-93b9-947f88bd6d54,394,2019-08-30T14:44:54Z,none,NiV|human|MYS|Nipah|1999,18246,10384,10727,200,348
bfc55bb9-cd69-409d-9e16-f6102376a012,392,2019-08-30T14:44:55Z,none,NiV|human|MYS|Nipah|1999,18246,10684,11029,246,346
d106b015-c619-43fe-a928-155e683b9bcd,410,2019-08-30T14:44:54Z,none,NiV|human|MYS|Nipah|1999,18246,11279,11639,246,362
acfbc30d-350f-4653-b180-fb94f68ab091,222,2019-08-30T14:44:55Z,none,NiV|human|MYS|Nipah|1999,18246,3478,3596,74,122
35547e7a-cd0d-4c74-9b44-3f0e6f4ac3f3,388,2019-08-30T14:44:54Z,none,NiV|human|MYS|Nipah|1999,18246,3127,3490,222,364
da527c1c-8879-49c2-9b4d-19dd5bef1259,392,2019-08-30T14:44:54Z,none,NiV|human|MYS|Nipah|1999,18246,10076,10438,273,363
a29b33a4-8c7e-44da-bb62-0da111e4599e,400,2019-08-30T14:44:54Z,none,NiV|human|MYS|Nipah|1999,18246,8273,8592,211,322
94a2195e-76e9-4f64-aaaa-0fbef43c58f1,399,2019-08-30T14:44:54Z,none,NiV|human|MYS|Nipah|1999,18246,13030,13409,284,380
83621a7d-6e5f-4fe8-958f-d3b948b61c71,399,2019-08-30T14:44:54Z,none,NiV|human|MYS|Nipah|1999,18246,14594,14959,283,365
db684fca-130e-44c7-9654-32cf19051ed5,417,2019-08-30T14:44:54Z,none,NiV|human|MYS|Nipah|1999,18246,4589,4944,243,364
d512fd71-0d55-484d-babd-81980c1a7870,436,2019-08-30T14:44:54Z,none,NiV|human|MYS|Nipah|1999,18246,14894,15238,138,351
aca4c1e0-a567-4da5-b90a-7716986e1290,289,2019-08-30T14:44:54Z,none,NiV|human|MYS|Nipah|1999,18246,1650,1919,202,269
d1d0c9ce-ae8c-418e-a7fa-7d571b6e5634,692,2019-08-30T14:44:53Z,none,NiV|human|MYS|Nipah|1999,18246,15512,15848,185,336
2ebff0de-2b20-41e7-8d5a-e7e65055f92e,428,2019-08-30T14:44:54Z,none,NiV|human|MYS|Nipah|1999,18246,3722,4104,285,385
a7111edd-ea98-44c2-aa83-f546ea6a5c67,406,2019-08-30T14:44:54Z,none,NiV|human|MYS|Nipah|1999,18246,17352,17671,210,320
bce4ada4-6942-4b5a-abae-19df8184f521,387,2019-08-30T14:44:54Z,none,NiV|human|MYS|Nipah|1999,18246,11804,12161,272,360
cbc7d912-de4a-4a46-8ae2-e2c42c8cb072,383,2019-08-30T14:44:54Z,none,NiV|human|MYS|Nipah|1999,18246,1864,2215,207,359
dea4ce8a-7a4a-4854-afc3-49563d373921,378,2019-08-30T14:44:54Z,none,*,0,0,0,0,0
e889c455-62b5-4bb3-a020-8d454d30fbeb,395,2019-08-30T14:44:54Z,none,NiV|human|MYS|Nipah|1999,18246,17693,18050,280,362
6288eed0-c72b-427c-b6c0-cb148a400800,311,2019-08-30T14:44:54Z,none,NiV|human|MYS|Nipah|1999,18246,7796,8042,174,251
fc7fcb4f-0095-4483-9478-79b57024d02b,424,2019-08-30T14:44:54Z,none,NiV|human|MYS|Nipah|1999,18246,12102,12470,181,378
8c457b82-d1ed-4378-bec7-d87b5ed325ef,443,2019-08-30T14:44:54Z,none,NiV|human|MYS|Nipah|1999,18246,706,1024,208,326
36e3fcb6-f9d8-4b8b-8ec7-6a047756c2e6,414,2019-08-30T14:44:54Z,none,NiV|human|MYS|Nipah|1999,18246,3438,3814,299,379
b7b50b96-dc8a-43ef-be40-ad05e42c0805,198,2019-08-30T14:44:55Z,none,NiV|human|MYS|Nipah|1999,18246,9041,9206,130,165
46fe2d66-5835-48d7-b101-e402d754592f,405,2019-08-30T14:44:54Z,none,NiV|human|MYS|Nipah|1999,18246,10090,10389,187,305
01e1d751-e07e-45f3-86cb-0155d2f31f3c,241,2019-08-30T14:44:54Z,none,NiV|human|MYS|Nipah|1999,18246,14138,14347,155,210
be2a7575-dcb5-4265-a3d7-e4122c08a72e,405,2019-08-30T14:44:54Z,none,NiV|human|MYS|Nipah|1999,18246,3127,3476,148,350
db595849-c568-4a4d-b447-2a207c92b1f3,425,2019-08-30T14:44:54Z,none,NiV|human|MYS|Nipah|1999,18246,2800,3176,284,380
2442c6f5-9500-4a07-8fd0-3afa9dbf3805,415,2019-08-30T14:44:54Z,none,NiV|human|MYS|Nipah|1999,18246,15,401,220,390
1b731d1c-ee17-4b13-8731-d9d6a1886eb7,421,2019-08-30T14:44:53Z,none,NiV|human|MYS|Nipah|1999,18246,3725,4111,297,386
af3186f2-d01a-44cc-a902-f2b925e74580,386,2019-08-30T14:44:53Z,none,NiV|human|MYS|Nipah|1999,18246,10090,10448,237,365
6e9b357f-51d9-4880-92a8-1fb7a873603a,408,2019-08-30T14:44:54Z,none,NiV|human|MYS|Nipah|1999,18246,9466,9830,202,364
88316202-72c2-46a5-bd3e-4c75bda88f9a,400,2019-08-30T14:44:54Z,none,NiV|human|MYS|Nipah|1999,18246,11804,12155,114,352
ec04ca13-491e-4ad1-8f50-ba113abaff0b,393,2019-08-30T14:44:54Z,none,NiV|human|MYS|Nipah|1999,18246,9758,10126,250,376
32cd4980-88a7-4b37-bfbb-bd40e010f361,407,2019-08-30T14:44:54Z,none,NiV|human|MYS|Nipah|1999,18246,7690,8016,191,326
042846f4-938b-4e53-9a89-0636d87c678e,398,2019-08-30T14:44:54Z,none,NiV|human|MYS|Nipah|1999,18246,4322,4671,261,351
cc75df27-4f26-4f47-a64a-1ebc0efe8c5f,420,2019-08-30T14:44:54Z,none,NiV|human|MYS|Nipah|1999,18246,5649,5857,92,214
6b9ac01d-da5f-4db1-90da-32c5effc8468,447,2019-08-30T14:44:54Z,none,NiV|human|MYS|Nipah|1999,18246,15808,16164,243,368
fda237a6-d615-4dac-946f-7a85fa14fec2,396,2019-08-30T14:44:54Z,none,NiV|human|MYS|Nipah|1999,18246,8505,8867,216,363
076a4ae9-4910-4bea-9d0f-f272142512c1,447,2019-08-30T14:44:53Z,none,NiV|human|MYS|Nipah|1999,18246,12102,12477,264,387
edb06297-7040-4e21-a5fc-1af587203171,393,2019-08-30T14:44:54Z,none,NiV|human|MYS|Nipah|1999,18246,10966,11298,173,336
89cd0699-6eff-463d-8792-7729bb5a394f,429,2019-08-30T14:44:53Z,none,NiV|human|MYS|Nipah|1999,18246,4285,4658,252,378
f9df17b1-cfd5-4c68-8f1d-74eff24490d9,388,2019-08-30T14:44:54Z,none,NiV|human|MYS|Nipah|1999,18246,7379,7718,233,340
7b8848ca-9875-47b1-b5cb-55f6e865cdd1,403,2019-08-30T14:44:54Z,none,NiV|human|MYS|Nipah|1999,18246,949,1325,213,378
6fdb8289-d469-418c-aa8e-2628e5cbeb4b,287,2019-08-30T14:44:53Z,none,NiV|human|MYS|Nipah|1999,18246,4415,4635,133,225
20d6fb08-847c-49f5-8186-542fa6cae1cc,417,2019-08-30T14:44:53Z,none,NiV|human|MYS|Nipah|1999,18246,662,1010,259,349
6793a2bf-c1c7-4065-8351-093a6c41a5b0,408,2019-08-30T14:44:54Z,none,NiV|human|MYS|Nipah|1999,18246,17822,18186,200,366
272feeaa-51cf-42cf-b784-ec907d21bd5a,394,2019-08-30T14:44:54Z,none,NiV|human|MYS|Nipah|1999,18246,9778,10118,177,341
8599e19f-046f-4be7-ba15-32ee1a975448,429,2019-08-30T14:44:53Z,none,NiV|human|MYS|Nipah|1999,18246,14053,14333,166,287
a76e4387-0566-437d-91e1-501701e35cfa,798,2019-08-30T14:44:53Z,none,NiV|human|MYS|Nipah|1999,18246,14869,15245,188,379
a76e4387-0566-437d-91e1-501701e35cfa,798,2019-08-30T14:44:53Z,none,NiV|human|MYS|Nipah|1999,18246,10950,11332,187,389
7f6b1d9c-ad07-4fe2-bbf4-9fc0cd8a4521,371,2019-08-30T14:44:54Z,none,NiV|human|MYS|Nipah|1999,18246,344,648,138,317
34649eaa-e997-472f-9606-dab75c70f89f,296,2019-08-30T14:44:54Z,none,NiV|human|MYS|Nipah|1999,18246,4886,5110,117,228
81c1640b-ee6e-49c0-9cd8-a4634e6f0864,403,2019-08-30T14:44:54Z,none,NiV|human|MYS|Nipah|1999,18246,10409,10758,296,353
07f504b4-8d68-494b-ba2f-53819212ae9c,409,2019-08-30T14:44:53Z,none,NiV|human|MYS|Nipah|1999,18246,4902,5264,287,363
1f0a6cbd-c23b-4ea7-a955-3578bc77cb03,414,2019-08-30T14:44:53Z,none,NiV|human|MYS|Nipah|1999,18246,8524,8867,255,346
120abef9-44b8-48e1-86e8-7ae788b9859a,225,2019-08-30T14:44:54Z,none,NiV|human|MYS|Nipah|1999,18246,7583,7705,61,122
02743e3d-8f5b-4219-b8c1-27e17533cf0d,416,2019-08-30T14:44:54Z,none,NiV|human|MYS|Nipah|1999,18246,17692,18009,154,322
d6c991de-3750-4ec6-b83c-fdf1c821badf,222,2019-08-30T14:44:54Z,none,NiV|human|MYS|Nipah|1999,18246,18027,18186,94,162
4f71d47d-a8f4-431a-87c2-66ea8f2ad588,396,2019-08-30T14:44:54Z,none,NiV|human|MYS|Nipah|1999,18246,11532,11909,283,378
0c85aa56-40ed-406b-b4da-c9417b234e71,412,2019-08-30T14:44:54Z,none,NiV|human|MYS|Nipah|1999,18246,10384,10762,176,386
63e2146a-ab50-4cc4-af03-9d31e9c1c84e,385,2019-08-30T14:44:54Z,none,NiV|human|MYS|Nipah|1999,18246,7973,8267,110,294
6bff5a1f-8060-4aab-949d-e5e448534a9f,257,2019-08-30T14:44:54Z,none,NiV|human|MYS|Nipah|1999,18246,10670,10916,146,248
917cb74d-8eb7-4fee-8184-8bd56ef337ff,418,2019-08-30T14:44:54Z,none,NiV|human|MYS|Nipah|1999,18246,10090,10459,227,373
55a09c89-729c-43cd-9158-414c899b5f16,425,2019-08-30T14:44:53Z,none,NiV|human|MYS|Nipah|1999,18246,9758,10118,238,360
86f5145c-2a2e-4c8d-86ee-d177538589eb,424,2019-08-30T14:44:53Z,none,NiV|human|MYS|Nipah|1999,18246,9758,10135,283,386
219b1bea-5e06-4bf6-82d0-f8343cf2e77f,408,2019-08-30T14:44:54Z,none,NiV|human|MYS|Nipah|1999,18246,12396,12773,272,380
2f7c559d-5b61-48b9-9aa0-d7d7a8667b2a,430,2019-08-30T14:44:54Z,none,NiV|human|MYS|Nipah|1999,18246,15558,15848,135,297
d6891aa2-abf2-4755-a067-7ca8ac5998a9,446,2019-08-30T14:44:53Z,none,NiV|human|MYS|Nipah|1999,18246,15788,16197,250,415
849385db-d6fe-4a6a-abf0-4fae21f01ab2,313,2019-08-30T14:44:54Z,none,NiV|human|MYS|Nipah|1999,18246,169,294,92,131
e9a589e8-6baa-46a1-8ffb-8ee7e854d21e,199,2019-08-30T14:44:54Z,none,NiV|human|MYS|Nipah|1999,18246,10324,10415,61,92
edecb10a-5ce5-435f-9409-b4ae1e4f764c,384,2019-08-30T14:44:54Z,none,NiV|human|MYS|Nipah|1999,18246,5820,6161,200,342
243c3516-46ee-4955-b8d0-e9cbf318cdb9,430,2019-08-30T14:44:53Z,none,NiV|human|MYS|Nipah|1999,18246,3127,3471,190,350
8a3fc4d1-805e-48f5-9b9b-8ece66e9b4df,406,2019-08-30T14:44:53Z,none,NiV|human|MYS|Nipah|1999,18246,7353,7730,315,381
c241f1d4-b7b7-4b63-b88f-6887f8af5a87,422,2019-08-30T14:44:54Z,none,NiV|human|MYS|Nipah|1999,18246,15512,15880,294,369
e83c994e-a8f1-40b6-82e5-f3820f454669,399,2019-08-30T14:44:56Z,none,NiV|human|MYS|Nipah|1999,18246,17670,18033,249,365
4b117fbb-fdf8-4257-98a8-746b295b78e0,405,2019-08-30T14:44:55Z,none,NiV|human|MYS|Nipah|1999,18246,11263,11621,209,361
ff54406a-d465-415c-a351-ca0c3d606112,406,2019-08-30T14:44:55Z,none,NiV|human|MYS|Nipah|1999,18246,4589,4944,245,363
f94b5964-72c1-4960-8f81-b4e63a5ff78c,389,2019-08-30T14:44:56Z,none,NiV|human|MYS|Nipah|1999,18246,17683,18000,162,317
3814e3a0-a783-480d-903c-688d74a7d0f9,394,2019-08-30T14:44:55Z,none,NiV|human|MYS|Nipah|1999,18246,5800,6071,160,274
449a759a-e451-41de-b840-9eabc2011015,413,2019-08-30T14:44:55Z,none,NiV|human|MYS|Nipah|1999,18246,2495,2824,265,334
119d00a0-19d2-40da-a689-089935f6a793,398,2019-08-30T14:44:55Z,none,NiV|human|MYS|Nipah|1999,18246,2188,2552,195,366
f0e840be-9572-4186-a688-f52fd4f51704,418,2019-08-30T14:44:55Z,none,NiV|human|MYS|Nipah|1999,18246,9782,10118,206,337
0dbe299c-47ce-49f3-ac13-4d54e0a703dd,422,2019-08-30T14:44:55Z,none,NiV|human|MYS|Nipah|1999,18246,15502,15880,218,379
9222b535-0d99-47d8-87d9-184425e5df52,416,2019-08-30T14:44:55Z,none,NiV|human|MYS|Nipah|1999,18246,7403,7730,238,328
417b5242-2452-4f37-93fe-f179ecd5e5b3,423,2019-08-30T14:44:55Z,none,NiV|human|MYS|Nipah|1999,18246,8851,9209,280,362
3362f767-0640-4c50-a86b-87f252382b33,397,2019-08-30T14:44:55Z,none,NiV|human|MYS|Nipah|1999,18246,8863,9209,239,346
3df565a6-7908-4343-8432-ab3c2d5429e0,409,2019-08-30T14:44:55Z,none,NiV|human|MYS|Nipah|1999,18246,13369,13703,250,339
67ccd3b7-15c0-4fb9-a1e6-05ab3a9122e0,393,2019-08-30T14:44:55Z,none,NiV|human|MYS|Nipah|1999,18246,3451,3774,214,328
d4897bd5-cef9-4346-b604-b81aabc0eb62,411,2019-08-30T14:44:55Z,none,NiV|human|MYS|Nipah|1999,18246,7945,8306,247,366
ec7afd16-1291-4445-bb23-f27fe2027998,472,2019-08-30T14:44:55Z,none,NiV|human|MYS|Nipah|1999,18246,4886,5200,213,318
51fdefa1-2ce4-44c5-bf2d-b01377ed2e0b,401,2019-08-30T14:44:55Z,none,NiV|human|MYS|Nipah|1999,18246,2477,2849,225,377
46308bc2-642a-4915-aa08-8af69a60b72e,342,2019-08-30T14:44:55Z,none,NiV|human|MYS|Nipah|1999,18246,11063,11316,145,254
8d81093c-f9f5-442a-a185-e6b9d7fcf94d,403,2019-08-30T14:44:55Z,none,NiV|human|MYS|Nipah|1999,18246,1322,1633,203,319
1d9850ea-98fc-44df-b971-21e0db874e01,348,2019-08-30T14:44:55Z,none,NiV|human|MYS|Nipah|1999,18246,327,638,243,317
28100f9c-017a-4320-a866-c68789203caf,423,2019-08-30T14:44:55Z,none,NiV|human|MYS|Nipah|1999,18246,11525,11909,272,388
71dc37aa-3a13-4678-856a-5b4a654e2f3b,415,2019-08-30T14:44:55Z,none,NiV|human|MYS|Nipah|1999,18246,5800,6144,276,346
800d594c-5529-472e-a7c0-12605781c2b1,772,2019-08-30T14:44:55Z,none,NiV|human|MYS|Nipah|1999,18246,12717,13095,215,379
800d594c-5529-472e-a7c0-12605781c2b1,772,2019-08-30T14:44:55Z,none,NiV|human|MYS|Nipah|1999,18246,11268,11632,177,373
67f6efed-fcd3-4d67-9c4c-a8d932b48ee6,384,2019-08-30T14:44:56Z,none,NiV|human|MYS|Nipah|1999,18246,4322,4671,190,351
5eb329d1-c10a-4a89-98c4-e7f5c8614c02,432,2019-08-30T14:44:55Z,none,NiV|human|MYS|Nipah|1999,18246,14318,14667,258,354
45154548-2ea7-490f-b6bf-c84c84429728,415,2019-08-30T14:44:55Z,none,NiV|human|MYS|Nipah|1999,18246,16733,17079,267,350
a4259a85-b8d4-4c4c-82db-e4e8856bbf35,390,2019-08-30T14:44:55Z,none,NiV|human|MYS|Nipah|1999,18246,16104,16483,169,380
21f655af-5c73-45ee-bf1d-0804ff1ed2c4,340,2019-08-30T14:44:55Z,none,NiV|human|MYS|Nipah|1999,18246,12941,13077,111,136
0d40054f-19b9-46d9-9373-23a1cf05dca7,222,2019-08-30T14:44:56Z,none,NiV|human|MYS|Nipah|1999,18246,6026,6127,89,102
cd5f878c-6f77-41d5-84f0-afd13f3e5433,368,2019-08-30T14:44:55Z,none,NiV|human|MYS|Nipah|1999,18246,9240,9530,142,293
6fba2b01-968a-49dd-8f9f-f0237548bebc,404,2019-08-30T14:44:55Z,none,NiV|human|MYS|Nipah|1999,18246,13050,13399,160,352
0fc3b607-a54a-400f-946c-2b32ced1e34c,373,2019-08-30T14:44:55Z,none,NiV|human|MYS|Nipah|1999,18246,1904,2229,227,331
b455931a-40b9-440c-a440-72a6ffe9a422,401,2019-08-30T14:44:56Z,none,NiV|human|MYS|Nipah|1999,18246,17822,18191,227,371
c51ce46b-4a0f-422f-956f-4988726d3032,392,2019-08-30T14:44:55Z,none,NiV|human|MYS|Nipah|1999,18246,2822,3121,187,304
e1ea717d-382d-4aee-8c0d-a791f38b971e,399,2019-08-30T14:44:55Z,none,NiV|human|MYS|Nipah|1999,18246,7363,7718,271,362
04df774f-136e-4b03-b8b5-45c444b04ab1,402,2019-08-30T14:44:55Z,none,NiV|human|MYS|Nipah|1999,18246,2853,3176,192,326
60d86316-c55b-478b-add0-9673b9a7578f,409,2019-08-30T14:44:55Z,none,NiV|human|MYS|Nipah|1999,18246,1883,2231,267,351
94477e20-0981-4ab3-9ba9-9e7035c640d3,397,2019-08-30T14:44:55Z,none,NiV|human|MYS|Nipah|1999,18246,5516,5879,157,365
d4428f08-1dc4-4592-91ca-82fad8efcdeb,426,2019-08-30T14:44:55Z,none,NiV|human|MYS|Nipah|1999,18246,8863,9209,236,347
95bf0cb1-691c-4656-88fa-7404afebdfa9,408,2019-08-30T14:44:55Z,none,NiV|human|MYS|Nipah|1999,18246,14930,15193,145,263
9bb75093-a8e9-4384-b9ac-224871e289ed,397,2019-08-30T14:44:55Z,none,NiV|human|MYS|Nipah|1999,18246,13975,14340,206,372
41d32052-990d-41b1-972d-229a5e78447a,400,2019-08-30T14:44:56Z,none,NiV|human|MYS|Nipah|1999,18246,10976,11332,236,356
ffa849f4-5f2e-45f1-9804-2d848bff7921,422,2019-08-30T14:44:55Z,none,NiV|human|MYS|Nipah|1999,18246,4575,4941,228,370
7c157336-73f0-417f-8a4a-1a89dd813715,299,2019-08-30T14:44:55Z,none,NiV|human|MYS|Nipah|1999,18246,15,262,104,247
9f347172-8907-4531-8d1a-58ee11cac151,389,2019-08-30T14:44:54Z,none,NiV|human|MYS|Nipah|1999,18246,17044,17382,228,344
6435cf79-081d-4acc-9d90-f1f465570b63,412,2019-08-30T14:44:54Z,none,NiV|human|MYS|Nipah|1999,18246,1560,1929,279,377
6954ffc7-f633-4cf2-8b52-145a3b212fe9,410,2019-08-30T14:44:55Z,none,NiV|human|MYS|Nipah|1999,18246,17702,18033,228,340
ae280bf4-0b00-439b-960a-c210e5fb4848,404,2019-08-30T14:44:55Z,none,NiV|human|MYS|Nipah|1999,18246,5800,6161,258,365
65379cc8-af23-40b1-af61-00bf34ee44e8,410,2019-08-30T14:44:54Z,none,NiV|human|MYS|Nipah|1999,18246,3464,3814,249,360
a0d8f5d5-9df9-4d7d-901e-55c428b781e7,287,2019-08-30T14:44:55Z,none,NiV|human|MYS|Nipah|1999,18246,1675,1929,230,257
99ed2b81-8420-4217-bf9e-e44738c97f5e,397,2019-08-30T14:44:54Z,none,NiV|human|MYS|Nipah|1999,18246,949,1255,158,306
824a136d-38b6-43ff-95f9-6648e115065f,405,2019-08-30T14:44:55Z,none,NiV|human|MYS|Nipah|1999,18246,12,394,164,383
54f0e43e-61da-4e24-827e-7e4bec31e800,402,2019-08-30T14:44:55Z,none,NiV|human|MYS|Nipah|1999,18246,2798,3154,222,363
a7f6b0f0-534b-4cd6-bdfa-1455afb0698f,443,2019-08-30T14:44:55Z,none,NiV|human|MYS|Nipah|1999,18246,5178,5587,227,414
312a3967-019c-46dc-9938-397198e853ba,405,2019-08-30T14:44:55Z,none,NiV|human|MYS|Nipah|1999,18246,17683,18042,263,364
bdd57d53-f792-4f50-8517-ec0b8f3758dc,430,2019-08-30T14:44:55Z,none,NiV|human|MYS|Nipah|1999,18246,10098,10369,148,283
54f224f4-c153-49bd-a231-79e4fcf996fb,418,2019-08-30T14:44:55Z,none,NiV|human|MYS|Nipah|1999,18246,13030,13399,232,385
3a82d51e-2c4a-4dcf-8308-4384a73e46bf,398,2019-08-30T14:44:55Z,none,NiV|human|MYS|Nipah|1999,18246,10384,10758,277,377
02cd975b-b079-428d-84c3-4495620826c9,404,2019-08-30T14:44:55Z,none,NiV|human|MYS|Nipah|1999,18246,10676,11044,225,373
6fe5a764-37f8-4c45-8774-29e63506e22d,143,2019-08-30T14:44:55Z,none,*,0,0,0,0,0
537242b1-fb9b-40f4-a6eb-4759757bec12,317,2019-08-30T14:44:55Z,none,NiV|human|MYS|Nipah|1999,18246,1683,1889,161,212
5b5e9a9c-6cbb-490d-aef1-f8b40f1ef146,422,2019-08-30T14:44:55Z,none,NiV|human|MYS|Nipah|1999,18246,15488,15867,192,386
62dcd06c-c4e7-44ae-b15f-ba10401c926c,427,2019-08-30T14:44:55Z,none,NiV|human|MYS|Nipah|1999,18246,17064,17388,177,328
c8c493ab-2273-4704-97f1-d17e72d97306,402,2019-08-30T14:44:55Z,none,NiV|human|MYS|Nipah|1999,18246,2477,2662,67,185
11b2fa5d-3548-4b65-b4cd-360ad94fbb26,290,2019-08-30T14:44:55Z,none,NiV|human|MYS|Nipah|1999,18246,14903,15103,103,201
3c3ba42a-a96a-41b9-876f-b9e84ddfc4cf,794,2019-08-30T14:44:54Z,none,NiV|human|MYS|Nipah|1999,18246,8827,9206,316,380
3c3ba42a-a96a-41b9-876f-b9e84ddfc4cf,794,2019-08-30T14:44:54Z,none,NiV|human|MYS|Nipah|1999,18246,16411,16778,268,373
1a27191d-db5c-4006-ab58-41395c2592fc,356,2019-08-30T14:44:55Z,none,NiV|human|MYS|Nipah|1999,18246,11135,11298,84,167
fc41e121-9163-4837-bf9b-92ca4ea570b5,415,2019-08-30T14:44:55Z,none,NiV|human|MYS|Nipah|1999,18246,5854,6125,122,273
eda050d8-5eda-4a6d-9e89-1d74745de0ef,383,2019-08-30T14:44:54Z,none,NiV|human|MYS|Nipah|1999,18246,949,1315,251,368
fac90a69-a4ed-4be9-b5a7-89d96c2b94f9,359,2019-08-30T14:44:55Z,none,NiV|human|MYS|Nipah|1999,18246,12720,12987,170,272
a5851fc3-c6df-44f2-9ab8-baf6372b050b,416,2019-08-30T14:44:55Z,none,NiV|human|MYS|Nipah|1999,18246,3725,4104,205,395
4fbbe1dd-0368-4a7f-ab45-a0dcfff49ed5,412,2019-08-30T14:44:55Z,none,NiV|human|MYS|Nipah|1999,18246,2477,2761,172,286
6f3a15bb-9baa-49aa-803e-64fea67edf98,428,2019-08-30T14:44:55Z,none,NiV|human|MYS|Nipah|1999,18246,334,688,52,354
77b7ebc2-c4b5-452c-b66a-d729949652c6,425,2019-08-30T14:44:55Z,none,NiV|human|MYS|Nipah|1999,18246,5514,5886,256,376
8b509f26-05cc-4ae2-9ca2-0bd68931144e,299,2019-08-30T14:44:55Z,none,NiV|human|MYS|Nipah|1999,18246,1683,1929,138,247
f0acdea6-08f5-4adb-8591-7e8fc937c94c,421,2019-08-30T14:44:55Z,none,NiV|human|MYS|Nipah|1999,18246,5820,6168,243,354
4310b3ab-7d7d-46c3-b0b6-23d6cad77697,415,2019-08-30T14:44:55Z,none,NiV|human|MYS|Nipah|1999,18246,11804,12170,241,374
165a0897-b77f-48f3-a9a5-a9b75de53eff,433,2019-08-30T14:44:55Z,none,NiV|human|MYS|Nipah|1999,18246,14869,15245,248,376
4c9f9a02-d0c7-4786-b4b6-20d5984ecbbf,388,2019-08-30T14:44:55Z,none,NiV|human|MYS|Nipah|1999,18246,17038,17388,203,357
034240bf-4e79-4f03-a40b-ed1419aceeb0,408,2019-08-30T14:44:55Z,none,NiV|human|MYS|Nipah|1999,18246,2477,2849,261,377
567c1e08-3a28-47e4-9d48-d1851db1a69e,387,2019-08-30T14:44:55Z,none,NiV|human|MYS|Nipah|1999,18246,3438,3797,224,362
50fb057d-7280-4321-a3e4-1771ff01a33f,390,2019-08-30T14:44:55Z,none,NiV|human|MYS|Nipah|1999,18246,9801,10095,186,295
880eb5b9-32e1-44ee-a1d6-5bcf88d627e7,410,2019-08-30T14:44:55Z,none,NiV|human|MYS|Nipah|1999,18246,8847,9206,281,365
66a10e5f-85a4-4be0-8499-9c2dabe10eac,410,2019-08-30T14:44:55Z,none,NiV|human|MYS|Nipah|1999,18246,7953,8303,306,350
571bbef1-d219-4abe-aa59-fb16b21576f1,422,2019-08-30T14:44:54Z,none,NiV|human|MYS|Nipah|1999,18246,16104,16483,271,383
51337c91-fa3b-4d1c-bd2c-c1c86949b502,408,2019-08-30T14:44:55Z,none,NiV|human|MYS|Nipah|1999,18246,8505,8867,286,369
9f157a20-b187-466f-bcd4-f0ff89b824e0,412,2019-08-30T14:44:55Z,none,NiV|human|MYS|Nipah|1999,18246,6786,7066,89,281
0128b145-fba6-462c-b984-01b8be497c67,426,2019-08-30T14:44:55Z,none,NiV|human|MYS|Nipah|1999,18246,9466,9842,251,379
08bb404c-5ddc-4e8a-9e7a-e1d19f8b695d,389,2019-08-30T14:44:55Z,none,NiV|human|MYS|Nipah|1999,18246,14624,14959,203,337
c44fc308-52a0-4cf0-9116-e7bb52bd73ea,415,2019-08-30T14:44:55Z,none,NiV|human|MYS|Nipah|1999,18246,668,997,142,334
cbf83192-76e4-44bf-8d63-f50b8aae66fd,232,2019-08-30T14:44:55Z,none,NiV|human|MYS|Nipah|1999,18246,14818,14959,96,146
816e43e3-bd71-4e37-be7a-fc3207aff372,421,2019-08-30T14:44:55Z,none,NiV|human|MYS|Nipah|1999,18246,16411,16778,214,376
563b31bc-9396-438a-9ab9-fa716093b350,306,2019-08-30T14:44:55Z,none,NiV|human|MYS|Nipah|1999,18246,15628,15858,173,230
7840fd7a-2ad9-4e42-b731-e6f74f16df31,387,2019-08-30T14:44:55Z,none,NiV|human|MYS|Nipah|1999,18246,2558,2837,178,280
40e9971c-39c7-4c1e-9d51-0149a9972d34,416,2019-08-30T14:44:55Z,none,NiV|human|MYS|Nipah|1999,18246,4575,4944,326,375
7ebe6b97-31c2-4c1c-81e0-207c2aaa3c4d,386,2019-08-30T14:44:55Z,none,NiV|human|MYS|Nipah|1999,18246,8277,8608,164,335
6a05117f-397d-4d1c-afce-576185a063c2,411,2019-08-30T14:44:55Z,none,NiV|human|MYS|Nipah|1999,18246,9492,9830,213,338
c2696623-e056-42af-805f-f0e55cd35464,426,2019-08-30T14:44:54Z,none,NiV|human|MYS|Nipah|1999,18246,9476,9830,248,356
1e7d4547-5eae-455b-bce0-0429abcf705a,247,2019-08-30T14:44:55Z,none,NiV|human|MYS|Nipah|1999,18246,10692,10923,199,232
c95ca279-c0cc-4ee8-81b0-7e2c9faa9250,404,2019-08-30T14:44:55Z,none,NiV|human|MYS|Nipah|1999,18246,7026,7397,262,372
8fc6f264-8de8-4a80-ac38-ca9199ef08e0,414,2019-08-30T14:44:55Z,none,NiV|human|MYS|Nipah|1999,18246,14294,14667,263,373
f316351a-3f25-4e3b-8cf4-0f0d2355b830,405,2019-08-30T14:44:55Z,none,NiV|human|MYS|Nipah|1999,18246,17344,17708,311,367
84db2c2b-d25d-47e8-89b8-48ad97e5ca71,338,2019-08-30T14:44:55Z,none,NiV|human|MYS|Nipah|1999,18246,327,638,191,311
fe1db6e9-77e1-4131-8ecd-456505c9db5e,415,2019-08-30T14:44:55Z,none,NiV|human|MYS|Nipah|1999,18246,16153,16483,223,332
c5cc6eed-b2bd-4fdd-a588-85d76b8ecb9b,418,2019-08-30T14:44:55Z,none,NiV|human|MYS|Nipah|1999,18246,12396,12707,181,311
0e006eef-85d0-4907-8cc3-1d44dc281c4d,436,2019-08-30T14:44:55Z,none,NiV|human|MYS|Nipah|1999,18246,14300,14667,287,374
075db7fa-e1fe-4821-8d08-54d8e9c6348d,402,2019-08-30T14:44:55Z,none,NiV|human|MYS|Nipah|1999,18246,2819,3134,235,319
178e6802-7a26-4d00-b4fe-2effa9c97fc0,428,2019-08-30T14:44:56Z,none,NiV|human|MYS|Nipah|1999,18246,1584,1929,216,346
c15b172b-59f5-49d9-920c-adc26c3441ab,436,2019-08-30T14:44:56Z,none,NiV|human|MYS|Nipah|1999,18246,5174,5587,289,419
75dbbfea-0d3e-4de3-a413-7744ec7ba14e,404,2019-08-30T14:44:57Z,none,NiV|human|MYS|Nipah|1999,18246,13072,13409,283,340
c5f3a48d-3c94-4c24-85e0-4a7c145749ad,405,2019-08-30T14:44:56Z,none,NiV|human|MYS|Nipah|1999,18246,6405,6775,222,379
25008c3f-2229-40e7-b2ac-0d867118c2f5,775,2019-08-30T14:44:56Z,none,NiV|human|MYS|Nipah|1999,18246,13056,13409,231,357
25008c3f-2229-40e7-b2ac-0d867118c2f5,775,2019-08-30T14:44:56Z,none,NiV|human|MYS|Nipah|1999,18246,8000,8292,102,298
9672ff40-f107-4003-8702-981d93a3c1fd,421,2019-08-30T14:44:56Z,none,NiV|human|MYS|Nipah|1999,18246,10076,10389,270,315
6b20c614-8795-4dd1-a012-83e7af6b57cc,397,2019-08-30T14:44:57Z,none,NiV|human|MYS|Nipah|1999,18246,3778,3914,59,136
654d6654-709a-4dc8-8555-a093967664e0,398,2019-08-30T14:44:57Z,none,NiV|human|MYS|Nipah|1999,18246,13364,13706,208,342
e7b69a86-7879-44c8-bc4d-4ddafca6cf28,341,2019-08-30T14:44:57Z,none,NiV|human|MYS|Nipah|1999,18246,16709,17033,185,332
62951b0e-52d6-4f56-9c37-c822fa83781c,426,2019-08-30T14:44:56Z,none,NiV|human|MYS|Nipah|1999,18246,14907,15245,126,345
437aef73-29ff-4893-8da6-aaf75aa06e75,402,2019-08-30T14:44:57Z,none,NiV|human|MYS|Nipah|1999,18246,7026,7397,119,371
c0c1e961-739d-45fe-8357-2f4672bbac09,238,2019-08-30T14:44:57Z,none,NiV|human|MYS|Nipah|1999,18246,14782,14959,106,177
b9662ca0-210a-4f6f-b4a7-cb77db7a8e3a,400,2019-08-30T14:44:57Z,none,NiV|human|MYS|Nipah|1999,18246,15512,15880,275,377
723fd093-158f-439b-bd30-70a9062209b7,331,2019-08-30T14:44:56Z,none,NiV|human|MYS|Nipah|1999,18246,11268,11559,222,293
a73379e4-a427-49ea-83a0-393c42b7e369,422,2019-08-30T14:44:57Z,none,NiV|human|MYS|Nipah|1999,18246,9502,9816,99,314
91048aec-5172-4c74-a253-33076330a1f1,423,2019-08-30T14:44:57Z,none,NiV|human|MYS|Nipah|1999,18246,5194,5587,225,396
2d624d80-0b3d-4647-b296-49c89ba78a52,436,2019-08-30T14:44:56Z,none,NiV|human|MYS|Nipah|1999,18246,9492,9842,165,359
e4bb7b86-ccba-4f7b-be46-a753b05fac36,361,2019-08-30T14:44:56Z,none,NiV|human|MYS|Nipah|1999,18246,319,648,222,332
e0f4eab4-99a1-4fc6-8d02-46d50a887f31,419,2019-08-30T14:44:56Z,none,NiV|human|MYS|Nipah|1999,18246,8913,9206,222,296
493e2d47-8210-47d3-8749-31e9e7a0441d,403,2019-08-30T14:44:57Z,none,NiV|human|MYS|Nipah|1999,18246,17060,17418,197,359
c10ebad1-d46d-4391-8f10-c337a2bcba8b,413,2019-08-30T14:44:56Z,none,NiV|human|MYS|Nipah|1999,18246,12176,12483,184,312
4553bb12-07a1-4799-826e-2d453a06f356,405,2019-08-30T14:44:56Z,none,NiV|human|MYS|Nipah|1999,18246,10409,10718,115,309
71713b48-4ee5-40ae-b689-2865826db005,381,2019-08-30T14:44:57Z,none,NiV|human|MYS|Nipah|1999,18246,2526,2834,56,309
cca20c93-6c92-4f49-b6e3-eeb109a3a0c4,388,2019-08-30T14:44:56Z,none,NiV|human|MYS|Nipah|1999,18246,10977,11332,215,363
d36bf0f7-673b-4952-b96c-433b92061c54,417,2019-08-30T14:44:57Z,none,NiV|human|MYS|Nipah|1999,18246,6413,6775,210,363
be9f9b95-eb9c-4cfb-9620-abcb1f3485fa,403,2019-08-30T14:44:56Z,none,NiV|human|MYS|Nipah|1999,18246,3438,3814,297,380
d59ca210-3543-43b5-b687-5c776d65ae58,384,2019-08-30T14:44:56Z,none,NiV|human|MYS|Nipah|1999,18246,10453,10746,126,296
895e5a2e-5831-4f31-b822-2c3176a9daed,792,2019-08-30T14:44:56Z,none,NiV|human|MYS|Nipah|1999,18246,12386,12740,275,355
895e5a2e-5831-4f31-b822-2c3176a9daed,792,2019-08-30T14:44:56Z,none,NiV|human|MYS|Nipah|1999,18246,11324,11627,141,303
f7c61ce7-9b08-4311-85f8-abaee8c3ae88,445,2019-08-30T14:44:56Z,none,NiV|human|MYS|Nipah|1999,18246,15808,16184,274,379
d65d863d-eae6-41c8-a46a-fc6789543554,395,2019-08-30T14:44:56Z,none,NiV|human|MYS|Nipah|1999,18246,9151,9530,244,379
9852d5bb-61b2-4bf3-a51a-6ec0a55eb1d9,401,2019-08-30T14:44:56Z,none,NiV|human|MYS|Nipah|1999,18246,3119,3494,244,375
97776506-a369-4852-a38f-9c22efc49bcc,389,2019-08-30T14:44:56Z,none,NiV|human|MYS|Nipah|1999,18246,6727,7066,288,342
ea36200a-f748-454a-b7c9-6a65cfc45bcd,268,2019-08-30T14:44:56Z,none,*,0,0,0,0,0
364188ec-dfaa-4eb8-b932-549f37ebcfb0,388,2019-08-30T14:44:56Z,none,NiV|human|MYS|Nipah|1999,18246,1578,1889,245,316
fa2c9795-93fe-4999-867a-58f6dcd171d5,407,2019-08-30T14:44:56Z,none,NiV|human|MYS|Nipah|1999,18246,11789,12155,309,367
ebe0ae6e-3a2c-4972-b49b-7aeada22f0a2,420,2019-08-30T14:44:56Z,none,NiV|human|MYS|Nipah|1999,18246,14888,15245,232,358
0bf15d0f-bf02-4cc5-b843-c34ce78aa3e5,1174,2019-08-30T14:44:54Z,none,NiV|human|MYS|Nipah|1999,18246,1855,2229,309,375
0bf15d0f-bf02-4cc5-b843-c34ce78aa3e5,1174,2019-08-30T14:44:54Z,none,NiV|human|MYS|Nipah|1999,18246,5178,5587,265,421
0bf15d0f-bf02-4cc5-b843-c34ce78aa3e5,1174,2019-08-30T14:44:54Z,none,NiV|human|MYS|Nipah|1999,18246,6644,6762,79,119
b0ef1926-8d24-4e52-ab7c-39304d6ac497,421,2019-08-30T14:44:56Z,none,NiV|human|MYS|Nipah|1999,18246,13346,13718,299,374
df8d7130-f3e7-4cee-907c-29aaac8864d1,436,2019-08-30T14:44:56Z,none,NiV|human|MYS|Nipah|1999,18246,1253,1633,196,383
caa8f564-203f-458f-8c0f-dcf252e907e4,422,2019-08-30T14:44:56Z,none,NiV|human|MYS|Nipah|1999,18246,8252,8616,212,372
6e44cb57-e1e4-4042-a473-fb9d32959ceb,395,2019-08-30T14:44:56Z,none,NiV|human|MYS|Nipah|1999,18246,645,997,167,356
50e7f5b1-9051-45b6-98c7-a4b6141e88eb,155,2019-08-30T14:44:57Z,none,NiV|human|MYS|Nipah|1999,18246,11578,11639,58,62
2886e262-e930-49f2-a753-94a6cb78c6c5,394,2019-08-30T14:44:57Z,none,NiV|human|MYS|Nipah|1999,18246,4585,4944,270,361
1ca624ee-4cf8-442f-b9d9-7929c862fec7,409,2019-08-30T14:44:56Z,none,NiV|human|MYS|Nipah|1999,18246,7363,7725,278,366
f2fee4fd-8060-49f0-a2b4-8d204709f5b7,430,2019-08-30T14:44:57Z,none,NiV|human|MYS|Nipah|1999,18246,12725,13095,254,378
889b745f-8fdd-42a9-ac7a-e51c4b9c389d,397,2019-08-30T14:44:56Z,none,NiV|human|MYS|Nipah|1999,18246,7026,7391,225,365
001e654e-563a-46ca-a5f8-8f5fe944ce32,394,2019-08-30T14:44:56Z,none,NiV|human|MYS|Nipah|1999,18246,2819,3180,240,367
1120304f-39c2-4108-bdfa-78aa926d55ea,384,2019-08-30T14:44:57Z,none,NiV|human|MYS|Nipah|1999,18246,11525,11909,267,387
e86ba782-ab28-4c96-8c60-8a59767e6fcf,417,2019-08-30T14:44:56Z,none,NiV|human|MYS|Nipah|1999,18246,9019,9151,98,132
652bd3a3-3aba-4314-91ad-d3f93fb5e1d4,407,2019-08-30T14:44:56Z,none,NiV|human|MYS|Nipah|1999,18246,14624,14970,223,352
66625bfe-2efd-4dc5-854a-169f69819467,391,2019-08-30T14:44:56Z,none,NiV|human|MYS|Nipah|1999,18246,12102,12483,235,382
c8cf20f6-978f-4b94-a106-23ea2d9f4b48,389,2019-08-30T14:44:56Z,none,NiV|human|MYS|Nipah|1999,18246,17844,18191,194,349
07f94af9-7d28-4a7a-9d01-82eaae1082ad,397,2019-08-30T14:44:56Z,none,NiV|human|MYS|Nipah|1999,18246,17056,17411,212,357
551f9ae9-47ff-44ce-99be-21925b542d13,416,2019-08-30T14:44:56Z,none,NiV|human|MYS|Nipah|1999,18246,15,401,248,391
d0888cc8-0048-4ecf-8d0a-99820171d6a2,393,2019-08-30T14:44:56Z,none,NiV|human|MYS|Nipah|1999,18246,2798,3168,221,372
7d84f2d0-3114-4628-b211-3c078f8815bc,403,2019-08-30T14:44:56Z,none,NiV|human|MYS|Nipah|1999,18246,15,294,114,282
bdcc9f6d-06ce-4674-9498-4d15ce67a737,315,2019-08-30T14:44:56Z,none,NiV|human|MYS|Nipah|1999,18246,1670,1917,136,250
58ca0223-8f92-4bcf-ba60-d02889d90050,209,2019-08-30T14:44:57Z,none,NiV|human|MYS|Nipah|1999,18246,6405,6559,125,154
2b940b3a-6f5e-4db2-917e-0bac91a8245f,420,2019-08-30T14:44:56Z,none,NiV|human|MYS|Nipah|1999,18246,1864,2231,230,377
1322dd91-0e4d-45e2-9a0e-9b831596006e,427,2019-08-30T14:44:56Z,none,NiV|human|MYS|Nipah|1999,18246,3773,4111,250,339
9530de9f-acb5-453d-b0df-48686ade4986,393,2019-08-30T14:44:56Z,none,NiV|human|MYS|Nipah|1999,18246,3114,3493,286,380
c5b8fadd-9052-4b5b-b5b2-b1a9866b3df6,388,2019-08-30T14:44:57Z,none,NiV|human|MYS|Nipah|1999,18246,14906,15214,119,319
16cd0335-cc0a-471e-bd12-5251e61d4ead,391,2019-08-30T14:44:56Z,none,NiV|human|MYS|Nipah|1999,18246,2822,3180,149,362
f6b5fad5-09fa-4924-9d37-93830ba53508,435,2019-08-30T14:44:56Z,none,NiV|human|MYS|Nipah|1999,18246,59,401,220,346
8b15f156-e8e9-4b42-b6de-56c79c1c3922,412,2019-08-30T14:44:57Z,none,NiV|human|MYS|Nipah|1999,18246,10942,11316,189,376
92014ce2-7758-4195-9627-daae7b5303ff,415,2019-08-30T14:44:56Z,none,NiV|human|MYS|Nipah|1999,18246,3150,3426,167,291
ffd87a12-5459-4d0e-9c0c-5c891e3d6196,370,2019-08-30T14:44:57Z,none,NiV|human|MYS|Nipah|1999,18246,4585,4912,234,329
39aae967-b23b-4b48-874f-7d94e218ef40,419,2019-08-30T14:44:57Z,none,NiV|human|MYS|Nipah|1999,18246,14300,14657,240,359
f8e94d39-be37-4236-8775-c0e1a18f14dd,441,2019-08-30T14:44:56Z,none,NiV|human|MYS|Nipah|1999,18246,15821,16197,258,379
77812ce3-504d-42f0-b6a6-7f1c69e29fc7,209,2019-08-30T14:44:57Z,none,NiV|human|MYS|Nipah|1999,18246,3086,3160,74,74
4f456aa8-88ef-4ba3-b4ee-32b1a95f613d,385,2019-08-30T14:44:56Z,none,NiV|human|MYS|Nipah|1999,18246,7965,8304,159,341
ca989dca-b90d-4b62-a096-62dba08005de,447,2019-08-30T14:44:56Z,none,NiV|human|MYS|Nipah|1999,18246,15796,16198,271,409
d4973e34-6fe3-43c4-b213-9f0b71b9b1f3,411,2019-08-30T14:44:56Z,none,NiV|human|MYS|Nipah|1999,18246,11525,11909,179,392
87148d11-1487-40ef-83bc-a9c6f1aa7f35,413,2019-08-30T14:44:56Z,none,NiV|human|MYS|Nipah|1999,18246,6135,6464,230,330
7ed62f10-3a11-41dd-a632-8d3c98a5bc91,398,2019-08-30T14:44:56Z,none,NiV|human|MYS|Nipah|1999,18246,5895,6150,162,258
3657ca19-ed0b-4291-8f66-bec3766a7acc,408,2019-08-30T14:44:55Z,none,NiV|human|MYS|Nipah|1999,18246,10384,10707,131,334
4dbbb2fd-0d21-413c-b350-8b929170cdfb,396,2019-08-30T14:44:56Z,none,NiV|human|MYS|Nipah|1999,18246,10413,10746,260,337
e7864f32-5353-4bb7-b1a4-049283ee28c5,427,2019-08-30T14:44:56Z,none,NiV|human|MYS|Nipah|1999,18246,9787,10143,170,361
e7f7af0c-d34e-4167-ba74-aecda65a51ce,390,2019-08-30T14:44:56Z,none,NiV|human|MYS|Nipah|1999,18246,15,313,150,303
ef9e0647-3193-485f-b959-d77360992842,442,2019-08-30T14:44:56Z,none,NiV|human|MYS|Nipah|1999,18246,645,998,198,367
a96cf582-390e-47cc-a4a8-f806a0c7a653,403,2019-08-30T14:44:56Z,none,NiV|human|MYS|Nipah|1999,18246,2188,2557,249,376
e1e9b322-49a3-4197-ab6d-bd2a8cbcb5c6,401,2019-08-30T14:44:56Z,none,NiV|human|MYS|Nipah|1999,18246,7350,7671,210,323
329306d2-3a87-4f13-a131-98528987d750,409,2019-08-30T14:44:56Z,none,NiV|human|MYS|Nipah|1999,18246,13975,14340,301,365
48de0308-4e30-4cf1-8920-89de54107437,264,2019-08-30T14:44:56Z,none,NiV|human|MYS|Nipah|1999,18246,4585,4785,164,201
3966cf8c-7eba-404e-8a71-bb7268f2bd6d,403,2019-08-30T14:44:56Z,none,NiV|human|MYS|Nipah|1999,18246,12386,12773,229,392
a14604bd-6d7e-4d21-b9cd-206edb7b56ac,378,2019-08-30T14:44:55Z,none,NiV|human|MYS|Nipah|1999,18246,17822,18176,267,357
2adabb31-1298-4cdf-b694-f9139de7eac0,356,2019-08-30T14:44:56Z,none,NiV|human|MYS|Nipah|1999,18246,7937,8292,174,359
7a8cddae-1a8a-43f4-a21e-0b75be102f5f,422,2019-08-30T14:44:55Z,none,NiV|human|MYS|Nipah|1999,18246,645,1024,255,386
74e3ed9d-1d29-4432-a4b8-1f6de04ecba3,412,2019-08-30T14:44:56Z,none,NiV|human|MYS|Nipah|1999,18246,2798,3147,146,355
d52b87d2-bf10-4fea-84c5-ec79194659bc,390,2019-08-30T14:44:56Z,none,NiV|human|MYS|Nipah|1999,18246,17382,17640,129,260
ab9f92a2-27a4-4db5-9896-6eee27ed9e76,404,2019-08-30T14:44:56Z,none,NiV|human|MYS|Nipah|1999,18246,11532,11909,309,378
4170874a-aea4-4fe5-9159-bc54413c5ff4,398,2019-08-30T14:44:56Z,none,NiV|human|MYS|Nipah|1999,18246,662,998,221,340
a05b41f7-4ec2-47a8-b342-f268b83799ef,373,2019-08-30T14:44:56Z,none,NiV|human|MYS|Nipah|1999,18246,14609,14955,266,350
ccd04b0f-b617-4e60-b161-c74f0cd0ef04,425,2019-08-30T14:44:56Z,none,NiV|human|MYS|Nipah|1999,18246,329,688,179,362
b7c49b95-4d51-4687-abdc-a172d882bbbf,422,2019-08-30T14:44:56Z,none,NiV|human|MYS|Nipah|1999,18246,4322,4658,215,351
61559bcb-41b0-4f71-8c64-20f8ed717f3e,395,2019-08-30T14:44:56Z,none,NiV|human|MYS|Nipah|1999,18246,10436,10738,207,305
dee43414-35bc-4a09-a1a6-ab5bba77fb88,414,2019-08-30T14:44:56Z,none,NiV|human|MYS|Nipah|1999,18246,976,1223,120,254
0ce09eeb-22ac-4f3c-920c-7c541cbd5602,440,2019-08-30T14:44:56Z,none,NiV|human|MYS|Nipah|1999,18246,10111,10438,186,336
2b01f5cd-1a13-45e4-b1ef-62696b987401,386,2019-08-30T14:44:56Z,none,NiV|human|MYS|Nipah|1999,18246,3753,4111,195,363
932c8a5f-c26f-423c-ab18-83184a8b42a7,403,2019-08-30T14:44:55Z,none,NiV|human|MYS|Nipah|1999,18246,7060,7401,216,342
64d3f137-41b8-4ce9-8270-2a73ed34f274,363,2019-08-30T14:44:56Z,none,NiV|human|MYS|Nipah|1999,18246,7077,7347,151,272
ab240463-a968-4f03-9916-b01ad6ae610b,403,2019-08-30T14:44:56Z,none,NiV|human|MYS|Nipah|1999,18246,15521,15862,276,343
cc768fe5-92a5-465c-bcdf-f69991bf771b,326,2019-08-30T14:44:56Z,none,NiV|human|MYS|Nipah|1999,18246,10941,11232,209,293
47088c95-265b-43a8-9f0d-9431e711feae,405,2019-08-30T14:44:56Z,none,NiV|human|MYS|Nipah|1999,18246,12140,12477,224,340
bfe7e591-9966-4336-9573-705b07060847,415,2019-08-30T14:44:56Z,none,NiV|human|MYS|Nipah|1999,18246,5792,6144,152,356
5c400413-e439-461e-864c-f251cb8956c7,435,2019-08-30T14:44:55Z,none,NiV|human|MYS|Nipah|1999,18246,10384,10762,179,399
70575c59-d5e2-4d85-93fb-677cce5103b4,254,2019-08-30T14:44:56Z,none,NiV|human|MYS|Nipah|1999,18246,14782,14959,137,180
fd6ca50f-1597-4dd2-97a3-e382b8c31eca,428,2019-08-30T14:44:55Z,none,NiV|human|MYS|Nipah|1999,18246,14880,15245,158,383
65e3b131-f033-431c-9f3e-dc54e89af2ef,415,2019-08-30T14:44:56Z,none,NiV|human|MYS|Nipah|1999,18246,4915,5264,250,352
2a0e5ef8-7a9f-4b3f-898a-0ea50d7f4e4d,422,2019-08-30T14:44:55Z,none,NiV|human|MYS|Nipah|1999,18246,3153,3476,246,326
04ae70f0-3cd9-4c95-87a3-ed0b67332e2b,460,2019-08-30T14:44:56Z,none,NiV|human|MYS|Nipah|1999,18246,15808,16198,215,396
aca67039-eeb3-4b88-8edf-897b04509b08,377,2019-08-30T14:44:55Z,none,NiV|human|MYS|Nipah|1999,18246,1864,2229,281,369
79f73723-e736-4891-8d6b-95733c85e406,385,2019-08-30T14:44:55Z,none,NiV|human|MYS|Nipah|1999,18246,8847,9196,233,349
898e9655-dd00-448d-8961-b162df8c8b47,408,2019-08-30T14:44:55Z,none,NiV|human|MYS|Nipah|1999,18246,3725,4101,301,377
14b3b412-092c-47a1-ae52-a09b22aab0d9,207,2019-08-30T14:44:56Z,none,NiV|human|MYS|Nipah|1999,18246,10731,10922,99,194
c016ce0e-80c4-4901-a254-499f2b235874,410,2019-08-30T14:44:55Z,none,NiV|human|MYS|Nipah|1999,18246,366,611,140,245
de055251-bd15-4633-96cd-9d99df46eaf6,393,2019-08-30T14:44:56Z,none,NiV|human|MYS|Nipah|1999,18246,8827,9206,197,379
ac9c10b3-ab9d-4420-9509-fc5af9ec2299,310,2019-08-30T14:44:56Z,none,NiV|human|MYS|Nipah|1999,18246,11366,11639,227,279
41b03df3-9065-4916-b726-4e16307ce29b,418,2019-08-30T14:44:56Z,none,NiV|human|MYS|Nipah|1999,18246,10977,11316,238,344
aab5e793-23c4-471d-a023-680f834d43db,408,2019-08-30T14:44:56Z,none,NiV|human|MYS|Nipah|1999,18246,12166,12493,239,331
483bce8b-78a9-42a2-be84-9cf61b031505,403,2019-08-30T14:44:56Z,none,NiV|human|MYS|Nipah|1999,18246,17858,18186,219,334
d68213cc-14fc-45c5-b45d-3a9721801d77,414,2019-08-30T14:44:56Z,none,NiV|human|MYS|Nipah|1999,18246,16411,16764,273,358
ab42daaa-cec2-42c8-a2bd-34c9048558ef,405,2019-08-30T14:44:56Z,none,NiV|human|MYS|Nipah|1999,18246,10458,10663,134,208
b1ed886e-017f-4277-befb-82ed91ed2f0e,406,2019-08-30T14:44:55Z,none,NiV|human|MYS|Nipah|1999,18246,13975,14315,292,343
013f98e1-889d-4efb-8dbc-4fa922618594,413,2019-08-30T14:44:56Z,none,NiV|human|MYS|Nipah|1999,18246,5792,6144,245,356
459d4fe0-2330-4f15-870a-e19e71a95541,407,2019-08-30T14:44:56Z,none,NiV|human|MYS|Nipah|1999,18246,17352,17723,212,376
cc0e85bd-847e-49e4-bfd3-f37a791eeadb,412,2019-08-30T14:44:56Z,none,NiV|human|MYS|Nipah|1999,18246,4585,4925,272,344
ef065ef3-e57f-47e2-bc44-dcd34488a2df,412,2019-08-30T14:44:56Z,none,NiV|human|MYS|Nipah|1999,18246,14000,14340,255,344
98a58722-d8c2-4469-ac9d-1e3df050cea7,405,2019-08-30T14:44:56Z,none,NiV|human|MYS|Nipah|1999,18246,2245,2529,226,292
a64b90cd-de4f-4ef6-b167-01e2b9ba4428,409,2019-08-30T14:44:56Z,none,NiV|human|MYS|Nipah|1999,18246,17692,18025,255,336
bd91539a-ea16-41eb-bfb0-ebead7d281c0,416,2019-08-30T14:44:55Z,none,NiV|human|MYS|Nipah|1999,18246,16412,16692,176,283
7d682eeb-be33-4dec-827f-1e0b20b6fe86,421,2019-08-30T14:44:55Z,none,NiV|human|MYS|Nipah|1999,18246,3725,4111,318,392
4432d19a-eb59-4165-a3af-953411ac2aaf,399,2019-08-30T14:44:56Z,none,NiV|human|MYS|Nipah|1999,18246,10676,10992,196,317
257d8b6b-8e4c-47c2-83f5-821640a70dba,434,2019-08-30T14:44:55Z,none,NiV|human|MYS|Nipah|1999,18246,7682,8032,245,364
5fa51bfe-1264-4aee-bbee-2745738bed64,381,2019-08-30T14:44:56Z,none,NiV|human|MYS|Nipah|1999,18246,2200,2535,225,337
22604b5a-d9e2-423c-bd39-18128a9c3a43,399,2019-08-30T14:44:56Z,none,NiV|human|MYS|Nipah|1999,18246,5628,5886,171,261
c3e58767-39a5-45dc-97be-bef42a657b38,429,2019-08-30T14:44:56Z,none,NiV|human|MYS|Nipah|1999,18246,950,1268,239,327
6ae4c972-62af-424f-82d6-20f801e80e47,435,2019-08-30T14:44:56Z,none,NiV|human|MYS|Nipah|1999,18246,11313,11632,233,321
9c350cb9-ec37-43ed-be47-bded167bcca2,369,2019-08-30T14:44:56Z,none,NiV|human|MYS|Nipah|1999,18246,1874,2229,242,358
b5742788-5ccf-4219-a760-7b7aace12a7b,399,2019-08-30T14:44:55Z,none,NiV|human|MYS|Nipah|1999,18246,12379,12706,278,332
e92db419-99d0-4a1d-bc95-9d62f695681d,398,2019-08-30T14:44:56Z,none,NiV|human|MYS|Nipah|1999,18246,9798,10135,237,340
cb69e1d0-690a-4c70-b355-44d532f7b777,124,2019-08-30T14:44:56Z,none,NiV|human|MYS|Nipah|1999,18246,1807,1929,74,122
3c0d5b60-bca4-4996-8abe-9f7e3cd14a7b,402,2019-08-30T14:44:56Z,none,NiV|human|MYS|Nipah|1999,18246,8294,8595,133,302
e6648a69-f81d-4df2-a046-23559839e4cb,427,2019-08-30T14:44:55Z,none,NiV|human|MYS|Nipah|1999,18246,11525,11909,235,390
3d1a37a8-1ff2-4d1f-a7ee-75c54c108c54,403,2019-08-30T14:44:55Z,none,NiV|human|MYS|Nipah|1999,18246,17359,17723,194,369
c02049a6-2b5e-4b95-ae9f-be5dc4bef699,272,2019-08-30T14:44:55Z,none,NiV|human|MYS|Nipah|1999,18246,16031,16194,111,164
c02049a6-2b5e-4b95-ae9f-be5dc4bef699,272,2019-08-30T14:44:55Z,none,NiV|human|IND|MCL-18-H-1088|2018,18242,15978,16115,46,138
3f7c8edf-54f1-4924-a36f-9d21a2f5e360,413,2019-08-30T14:44:57Z,none,NiV|human|MYS|Nipah|1999,18246,10384,10757,219,376
88b3a42d-6793-4cf1-b7f0-34c35692a0a9,234,2019-08-30T14:44:58Z,none,NiV|human|MYS|Nipah|1999,18246,2184,2335,140,152
199ee9ff-c1af-49e5-bc57-4c431beae9bc,260,2019-08-30T14:44:58Z,none,NiV|human|MYS|Nipah|1999,18246,1123,1325,122,211
4e942dbd-80a4-49a1-afb4-09c37acc314e,408,2019-08-30T14:44:57Z,none,NiV|human|MYS|Nipah|1999,18246,8512,8867,260,363
eedeec9f-57cd-415e-9cad-8f0f45f37df5,374,2019-08-30T14:44:57Z,none,NiV|human|MYS|Nipah|1999,18246,11551,11909,255,361
3ef30daa-ed69-4e76-91f2-a570ae1bd969,334,2019-08-30T14:44:57Z,none,NiV|human|MYS|Nipah|1999,18246,3456,3737,210,285
8e2e1cde-946e-48c9-92fe-e9a7dfad05ed,228,2019-08-30T14:44:58Z,none,NiV|human|MYS|Nipah|1999,18246,1729,1929,163,201
4939571e-441b-4c9d-966e-b0a3854d7612,387,2019-08-30T14:44:58Z,none,NiV|human|MYS|Nipah|1999,18246,13408,13685,154,279
e3f428d8-0401-4912-9b13-25da5d962071,366,2019-08-30T14:44:56Z,none,NiV|human|MYS|Nipah|1999,18246,14381,14639,72,268
64fdd3f1-62f4-4b44-b208-66cb82010a52,261,2019-08-30T14:44:58Z,none,NiV|human|MYS|Nipah|1999,18246,10098,10315,130,219
d8e2fe31-e3ab-45e6-b9ab-0f61e2f2429c,261,2019-08-30T14:44:57Z,none,NiV|human|MYS|Nipah|1999,18246,8273,8476,134,206
ee9e1c4d-4b5b-467d-82eb-10e531e19c75,255,2019-08-30T14:44:58Z,none,NiV|human|MYS|Nipah|1999,18246,3885,4111,152,228
87c44e2c-f048-4ded-96d2-d622886f163b,279,2019-08-30T14:44:58Z,none,NiV|human|MYS|Nipah|1999,18246,11663,11909,168,251
9e321ffd-c8d6-4b9e-ba24-2509b217cde9,246,2019-08-30T14:44:58Z,none,NiV|human|MYS|Nipah|1999,18246,9019,9181,153,162
dc69b305-7f27-4f5a-88ed-19266ad0c46d,335,2019-08-30T14:44:58Z,none,NiV|human|MYS|Nipah|1999,18246,2270,2545,199,279
f7efbcf8-33a1-4499-aeb8-78391085549b,181,2019-08-30T14:44:57Z,none,NiV|human|MYS|Nipah|1999,18246,570,638,62,70
8079c832-dc57-4b59-a5ab-a9827c07289b,412,2019-08-30T14:44:57Z,none,NiV|human|MYS|Nipah|1999,18246,645,1017,138,379
860b753c-6edf-4bf1-ba48-0cfecfeb12de,412,2019-08-30T14:44:57Z,none,NiV|human|MYS|Nipah|1999,18246,3725,4092,151,371
14cca565-23d6-4ef6-8433-d79d198b2db8,371,2019-08-30T14:44:58Z,none,NiV|human|MYS|Nipah|1999,18246,8567,8874,78,313
07ddb268-da74-4ac2-be6a-40f894f217de,464,2019-08-30T14:44:57Z,none,NiV|human|MYS|Nipah|1999,18246,1240,1607,233,368
b0c73c56-c0a5-42f9-a146-d87db5012aac,272,2019-08-30T14:44:58Z,none,NiV|human|MYS|Nipah|1999,18246,11789,12005,171,217
f4ce84bf-13fd-4ff1-b9e9-b4230c9596e8,245,2019-08-30T14:44:57Z,none,NiV|human|MYS|Nipah|1999,18246,1560,1782,140,223
ee5dd42a-0e09-4f39-a0fc-9b20d985d299,288,2019-08-30T14:44:58Z,none,NiV|human|MYS|Nipah|1999,18246,2916,3180,193,271
29a8e60a-e3a2-434a-ad80-55aeaffdbd00,405,2019-08-30T14:44:57Z,none,NiV|human|MYS|Nipah|1999,18246,17352,17717,237,372
68d17408-2e39-4819-96b8-52fb64031bc8,420,2019-08-30T14:44:57Z,none,NiV|human|MYS|Nipah|1999,18246,7363,7690,237,331
ab66ddd6-992b-4c8f-b6f6-62632f2f26f8,280,2019-08-30T14:44:57Z,none,NiV|human|MYS|Nipah|1999,18246,1662,1901,195,240
ebcc7c57-a570-4633-a0bf-45d023d3d0f6,351,2019-08-30T14:44:57Z,none,NiV|human|MYS|Nipah|1999,18246,13394,13651,105,257
0d81855c-4b82-4db4-aed1-bca2390de814,367,2019-08-30T14:44:57Z,none,NiV|human|MYS|Nipah|1999,18246,10941,11212,215,274
c22c55f3-8226-456a-aa67-504a3808a296,261,2019-08-30T14:44:57Z,none,NiV|human|MYS|Nipah|1999,18246,7830,8052,103,229
f2f00da1-1039-407a-b605-8231935b2a68,239,2019-08-30T14:44:57Z,none,NiV|human|MYS|Nipah|1999,18246,15182,15252,47,74
5543d8d6-aac5-43d4-b020-878b554295f1,426,2019-08-30T14:44:56Z,none,NiV|human|MYS|Nipah|1999,18246,2834,3180,212,361
c27358b1-20a9-4f54-a957-efc13cb4c0e7,241,2019-08-30T14:44:58Z,none,NiV|human|MYS|Nipah|1999,18246,11103,11314,166,211
9e803cc9-27d9-4b8a-b653-7a7371383145,403,2019-08-30T14:44:57Z,none,NiV|human|MYS|Nipah|1999,18246,13062,13399,152,338
df88dc42-d9d6-4c72-9c07-282d08b886db,327,2019-08-30T14:44:58Z,none,NiV|human|MYS|Nipah|1999,18246,6483,6718,162,237
6bdf7989-82c9-44b9-b327-3997fbca8bb5,311,2019-08-30T14:44:57Z,none,NiV|human|MYS|Nipah|1999,18246,6405,6670,218,268
c4284216-382d-4d46-a571-58ba2061a726,334,2019-08-30T14:44:57Z,none,NiV|human|MYS|Nipah|1999,18246,7682,7975,238,296
814a4026-18be-48b9-bff8-d307d2d8b328,371,2019-08-30T14:44:57Z,none,NiV|human|MYS|Nipah|1999,18246,8588,8767,64,180
30473e64-773d-4c9d-af86-020646efa22f,268,2019-08-30T14:44:58Z,none,NiV|human|MYS|Nipah|1999,18246,1123,1255,86,132
5823b199-b111-44b5-b802-d4a71840a427,226,2019-08-30T14:44:58Z,none,NiV|human|MYS|Nipah|1999,18246,15698,15755,53,57
63580f4c-29a5-4e4f-8a7f-433dcfaf30d6,401,2019-08-30T14:44:57Z,none,NiV|human|MYS|Nipah|1999,18246,10400,10762,267,365
57923b25-8237-4643-8d98-da29d12b136a,356,2019-08-30T14:44:57Z,none,NiV|human|MYS|Nipah|1999,18246,14006,14286,224,287
fb5a257d-bd11-470f-9b15-8df3eb6a13fa,289,2019-08-30T14:44:58Z,none,NiV|human|MYS|Nipah|1999,18246,8516,8762,179,246
a113d784-4c00-4682-9f74-cc3d043802b5,361,2019-08-30T14:44:57Z,none,NiV|human|MYS|Nipah|1999,18246,13384,13718,168,343
a2658b79-6e64-4208-9129-56536f06f5e7,422,2019-08-30T14:44:57Z,none,NiV|human|MYS|Nipah|1999,18246,11272,11639,268,372
6c4a44b7-b70a-45ff-aeac-ab43b49cce96,280,2019-08-30T14:44:58Z,none,NiV|human|MYS|Nipah|1999,18246,14975,15151,93,176
3f443da0-ce6e-449f-96b5-dce2dbaf0527,236,2019-08-30T14:44:58Z,none,NiV|human|MYS|Nipah|1999,18246,9941,10126,146,185
08c9d5e6-f21a-4c33-8f45-6d712bb1ee7b,346,2019-08-30T14:44:57Z,none,NiV|human|MYS|Nipah|1999,18246,17877,18176,185,301
0ba4e8ec-4427-4ffa-982a-b36b3a64e191,190,2019-08-30T14:44:58Z,none,NiV|human|MYS|Nipah|1999,18246,11789,11917,51,128
8b12a43e-7071-4652-b66c-34e4d5eb9595,293,2019-08-30T14:44:58Z,none,NiV|human|MYS|Nipah|1999,18246,14195,14333,111,140
8fa9a268-caae-40c8-8188-5472d763975c,410,2019-08-30T14:44:57Z,none,NiV|human|MYS|Nipah|1999,18246,11544,11909,302,370
615d6054-3bc6-4164-bad3-62f3067d2d48,434,2019-08-30T14:44:57Z,none,NiV|human|MYS|Nipah|1999,18246,15237,15535,170,299
8ddced9b-8006-4612-838e-793db3ac4ae3,77,2019-08-30T14:44:58Z,none,*,0,0,0,0,0
38dbde95-5d36-47b7-8b81-aead5ff3c11d,396,2019-08-30T14:44:57Z,none,NiV|human|MYS|Nipah|1999,18246,11789,12121,132,332
7dcd56f4-7648-4128-ad92-bc8d9ab5cb2e,352,2019-08-30T14:44:57Z,none,NiV|human|MYS|Nipah|1999,18246,2233,2529,146,296
7e190d3d-0904-4479-a644-d9564bf45862,390,2019-08-30T14:44:57Z,none,NiV|human|MYS|Nipah|1999,18246,17112,17336,110,225
dd06d9f5-d891-45e3-bc1e-fdfe0da86680,303,2019-08-30T14:44:57Z,none,NiV|human|MYS|Nipah|1999,18246,6521,6785,216,266
f296f94e-d944-424e-a6a5-2a8975ffb32e,318,2019-08-30T14:44:57Z,none,NiV|human|MYS|Nipah|1999,18246,10080,10315,146,239
44bbfcbd-ac18-4793-95ba-f4f992a8ff0f,396,2019-08-30T14:44:58Z,none,NiV|human|MYS|Nipah|1999,18246,1605,1929,161,340
823f1b52-bd2c-4ac3-830a-d7f314ef9f09,212,2019-08-30T14:44:58Z,none,NiV|human|MYS|Nipah|1999,18246,6927,7101,91,174
435dc3df-1fe6-4c96-b0d1-8e28b50169a2,214,2019-08-30T14:44:58Z,none,NiV|human|MYS|Nipah|1999,18246,2990,3165,94,175
65cfb3f6-8a50-450c-b602-1e4a970cc439,381,2019-08-30T14:44:57Z,none,NiV|human|MYS|Nipah|1999,18246,17071,17407,252,340
17a098ac-d623-4e7f-8cb0-c3cf3172bf03,311,2019-08-30T14:44:57Z,none,NiV|human|MYS|Nipah|1999,18246,386,648,152,267
c1075840-3987-4380-828e-7ec0320c06c5,223,2019-08-30T14:44:58Z,none,NiV|human|MYS|Nipah|1999,18246,7859,8011,109,154
1f88a17d-2854-4409-85b1-538f6c366cf1,238,2019-08-30T14:44:58Z,none,NiV|human|MYS|Nipah|1999,18246,10266,10438,144,173
eec0ae38-792f-4fcf-bdd7-8517866dcfa8,196,2019-08-30T14:44:58Z,none,NiV|human|MYS|Nipah|1999,18246,556,725,137,171
427e6e52-5a63-466e-91b4-269a3beb6a8d,177,2019-08-30T14:44:58Z,none,NiV|human|MYS|Nipah|1999,18246,512,648,92,136
0b7c69c1-e21f-48cf-9a3c-cba716748a09,290,2019-08-30T14:44:58Z,none,NiV|human|MYS|Nipah|1999,18246,10384,10650,159,268
4c5908d0-c9e1-40b5-8675-f7b0814cc8b4,366,2019-08-30T14:44:57Z,none,NiV|human|MYS|Nipah|1999,18246,11938,12160,175,222
a85f2b61-c85e-41b9-b306-b2f6c304341f,369,2019-08-30T14:44:57Z,none,NiV|human|MYS|Nipah|1999,18246,1883,2221,188,342
dc7e5803-2424-4035-adf7-489daf9388dd,345,2019-08-30T14:44:57Z,none,NiV|human|MYS|Nipah|1999,18246,17822,18146,234,329
437c6828-5439-4933-8dbd-3362c98efa20,361,2019-08-30T14:44:57Z,none,NiV|human|MYS|Nipah|1999,18246,1116,1325,174,211
42bc408b-ed90-4789-a316-4758a0baaadb,416,2019-08-30T14:44:57Z,none,NiV|human|MYS|Nipah|1999,18246,3451,3805,163,358
3c4e3231-93bb-4ddc-aaa3-f3dd3ff9939f,376,2019-08-30T14:44:57Z,none,NiV|human|MYS|Nipah|1999,18246,2498,2824,220,329
72311aae-a158-44d7-b7d2-3376a3081132,293,2019-08-30T14:44:57Z,none,NiV|human|MYS|Nipah|1999,18246,14341,14553,100,213
d8024ba1-7f14-4179-ae7d-19f6e5f10243,268,2019-08-30T14:44:58Z,none,NiV|human|MYS|Nipah|1999,18246,10238,10459,152,224
08ea98d2-d786-4c80-91d9-f12f08b1336b,700,2019-08-30T14:44:57Z,none,NiV|human|MYS|Nipah|1999,18246,4597,4944,230,353
08ea98d2-d786-4c80-91d9-f12f08b1336b,700,2019-08-30T14:44:57Z,none,NiV|human|MYS|Nipah|1999,18246,14923,15151,119,228
5b8fe6d3-b386-4356-a7e2-86ae2009b12f,396,2019-08-30T14:44:57Z,none,NiV|human|MYS|Nipah|1999,18246,1274,1563,176,295
ebbccb59-793c-4f86-a82e-5494cd3494f1,404,2019-08-30T14:44:57Z,none,NiV|human|MYS|Nipah|1999,18246,17822,18176,189,359
67107117-0fe9-4947-84af-ccdc888e5f63,222,2019-08-30T14:44:58Z,none,NiV|human|MYS|Nipah|1999,18246,4589,4771,157,183
578307bd-c657-45e4-b411-bcf472570ab0,302,2019-08-30T14:44:58Z,none,NiV|human|MYS|Nipah|1999,18246,17773,18013,203,240
088443b8-481e-4a17-b713-4b5be3c67e86,259,2019-08-30T14:44:58Z,none,NiV|human|MYS|Nipah|1999,18246,6337,6487,71,154
3acd331c-70dd-45fa-bffa-2eb728a71952,410,2019-08-30T14:44:57Z,none,NiV|human|MYS|Nipah|1999,18246,14869,15214,144,345
5610831a-47fa-47e8-8c28-90d11969b471,294,2019-08-30T14:44:58Z,none,NiV|human|MYS|Nipah|1999,18246,11954,12137,159,183
eca8d301-e155-44c8-9aef-e866dd2775b9,397,2019-08-30T14:44:57Z,none,NiV|human|MYS|Nipah|1999,18246,11263,11603,166,346
f0fd61e8-956f-4b80-a0b7-7c6803d216e6,255,2019-08-30T14:44:57Z,none,NiV|human|MYS|Nipah|1999,18246,14891,15088,80,197
88769bc9-2fca-408e-ae6d-56e078f9e1ed,204,2019-08-30T14:44:58Z,none,NiV|human|MYS|Nipah|1999,18246,225,401,145,176
02e17391-87f3-4750-8573-cd696e6fa60d,224,2019-08-30T14:44:58Z,none,NiV|human|MYS|Nipah|1999,18246,8411,8628,145,217
2dde1b37-28de-4550-9c25-ba1c356dac00,270,2019-08-30T14:44:58Z,none,NiV|human|MYS|Nipah|1999,18246,8979,9209,144,232
01c2798c-4c6b-4464-8811-da53945795b1,352,2019-08-30T14:44:57Z,none,NiV|human|MYS|Nipah|1999,18246,9563,9840,203,279
c40e50ad-451c-4d52-b905-7cc380b17ca6,401,2019-08-30T14:44:57Z,none,NiV|human|MYS|Nipah|1999,18246,6491,6775,229,289
07fb26e4-e4ae-40c7-8536-a9426c30c0dd,250,2019-08-30T14:44:58Z,none,NiV|human|MYS|Nipah|1999,18246,12557,12763,134,207
8fcb69ee-0b96-4b7e-9aff-919575be500e,402,2019-08-30T14:44:57Z,none,NiV|human|MYS|Nipah|1999,18246,11525,11909,268,387
6e9799f5-775b-40dc-b84e-dcef7aa8cd93,234,2019-08-30T14:44:58Z,none,NiV|human|MYS|Nipah|1999,18246,17044,17234,98,191
7a0733fe-3b91-42a2-acbc-110b91036b6c,249,2019-08-30T14:44:58Z,none,NiV|human|MYS|Nipah|1999,18246,15962,16197,181,236
4f379826-2b16-44f6-9620-df16cf14cd1d,282,2019-08-30T14:44:57Z,none,NiV|human|MYS|Nipah|1999,18246,14888,15134,152,246
cc5baecf-264b-4277-a795-057883f5f4c5,441,2019-08-30T14:44:57Z,none,NiV|human|MYS|Nipah|1999,18246,5502,5879,172,382
8fc3de95-6c82-4634-acee-f1b6a6095398,402,2019-08-30T14:44:57Z,none,NiV|human|MYS|Nipah|1999,18246,11539,11909,200,379
9286b864-2be0-4831-a3b2-a1a147a9b429,442,2019-08-30T14:44:57Z,none,NiV|human|MYS|Nipah|1999,18246,23,401,301,379
8d57ebc1-2259-4289-864a-a7bda29925a1,434,2019-08-30T14:44:57Z,none,NiV|human|MYS|Nipah|1999,18246,1874,2231,177,370
09fa44fd-a35c-4658-85dc-06658f06851e,338,2019-08-30T14:44:58Z,none,NiV|human|MYS|Nipah|1999,18246,10458,10762,195,307
c0f71d67-393f-4569-b60b-5d233525e407,400,2019-08-30T14:44:57Z,none,NiV|human|MYS|Nipah|1999,18246,10670,11053,292,385
3d974b8e-244b-48d8-9e79-bd91ded92d21,347,2019-08-30T14:44:57Z,none,NiV|human|MYS|Nipah|1999,18246,13406,13712,223,306
d58f9645-28d8-4860-9941-ad1bd4802ffd,359,2019-08-30T14:44:58Z,none,NiV|human|MYS|Nipah|1999,18246,17902,18191,111,291
a1854ba8-e086-40f6-93c4-24b445dfbe5c,405,2019-08-30T14:44:57Z,none,NiV|human|MYS|Nipah|1999,18246,5226,5587,233,363
feba2267-b7bf-4935-8a7e-3179d13ef899,448,2019-08-30T14:44:57Z,none,NiV|human|MYS|Nipah|1999,18246,5259,5587,242,337
12c2b1f4-6305-4da5-a7a7-17750009cbd5,409,2019-08-30T14:44:57Z,none,NiV|human|MYS|Nipah|1999,18246,8868,9204,164,338
02df4e9d-93d4-448e-8812-25ee10740768,421,2019-08-30T14:44:57Z,none,NiV|human|MYS|Nipah|1999,18246,4367,4671,136,314
3d0e9173-b856-49f3-a025-7ed28afde2b4,389,2019-08-30T14:44:57Z,none,NiV|human|MYS|Nipah|1999,18246,3311,3471,79,162
b1364f4d-a1fb-467e-8ccc-aca6b04a0e5e,405,2019-08-30T14:44:57Z,none,NiV|human|MYS|Nipah|1999,18246,2195,2557,208,367
49c23cc9-6215-47cf-a6a5-08f46162f7ff,227,2019-08-30T14:44:58Z,none,NiV|human|MYS|Nipah|1999,18246,645,850,123,208
9e45ca3e-ca4b-4c6c-a8cc-c873479890f5,403,2019-08-30T14:44:58Z,none,NiV|human|MYS|Nipah|1999,18246,13975,14309,130,341
e6f2895c-897e-482a-bd0b-eda1b504d17e,403,2019-08-30T14:44:57Z,none,NiV|human|MYS|Nipah|1999,18246,11544,11909,283,366
2ebcd942-2967-46f1-a756-41e1fa868a6c,414,2019-08-30T14:44:57Z,none,NiV|human|MYS|Nipah|1999,18246,3438,3797,257,366
87858096-98c7-45fd-b5b2-4f86215baffa,401,2019-08-30T14:44:57Z,none,NiV|human|MYS|Nipah|1999,18246,7665,8011,253,353
e7ed1657-4598-4a60-a6d9-ece022aded34,297,2019-08-30T14:44:57Z,none,NiV|human|MYS|Nipah|1999,18246,1650,1929,158,280
350911d5-1109-484f-af5d-559f0e16576a,396,2019-08-30T14:44:57Z,none,NiV|human|MYS|Nipah|1999,18246,15512,15858,176,348
82d29e1c-8585-4d62-82e0-705aedfd15c5,402,2019-08-30T14:44:57Z,none,NiV|human|MYS|Nipah|1999,18246,2477,2783,150,308
c8515427-2635-4f92-a178-1f43145813ef,205,2019-08-30T14:44:57Z,none,NiV|human|MYS|Nipah|1999,18246,17038,17144,83,110
f9c53c04-7609-4b02-9610-a22004fb3fab,245,2019-08-30T14:44:57Z,none,NiV|human|MYS|Nipah|1999,18246,1253,1392,90,142
52de8d6d-f1de-444d-8bf3-0a9634a1d4eb,257,2019-08-30T14:44:57Z,none,NiV|human|MYS|Nipah|1999,18246,4285,4459,140,176
54e2bee3-72b2-4c08-86bd-41eae2a963d6,389,2019-08-30T14:44:57Z,none,NiV|human|MYS|Nipah|1999,18246,10384,10758,293,375
e99d7e91-1c3b-4fd1-a1b9-d056e999ab4b,450,2019-08-30T14:44:56Z,none,NiV|human|MYS|Nipah|1999,18246,15788,16194,295,414
4357b87c-8519-40c0-a562-9a4061ecaf1f,288,2019-08-30T14:44:57Z,none,NiV|human|MYS|Nipah|1999,18246,1655,1919,203,267
0b9b4342-a4cf-402f-8123-1f4d6bafae35,412,2019-08-30T14:44:56Z,none,NiV|human|MYS|Nipah|1999,18246,701,984,136,283
3fba9a9c-37c0-470a-9de5-3514cb30b770,404,2019-08-30T14:44:56Z,none,NiV|human|MYS|Nipah|1999,18246,10384,10738,224,357
94f660c4-2b32-493a-a24b-ea5207a6d63d,398,2019-08-30T14:44:57Z,none,NiV|human|MYS|Nipah|1999,18246,11583,11835,186,253
9cdf504a-0c33-4bbc-98bc-30dc2e9f126b,412,2019-08-30T14:44:56Z,none,NiV|human|MYS|Nipah|1999,18246,8540,8878,124,342
72e71760-44ac-4ebe-b76a-576707d6b8cd,252,2019-08-30T14:44:57Z,none,NiV|human|MYS|Nipah|1999,18246,7525,7705,125,185
9045dcae-d47b-4fb0-8253-892777c899b0,257,2019-08-30T14:44:57Z,none,NiV|human|MYS|Nipah|1999,18246,1253,1381,72,128
9126d1a3-3a33-4a44-b20b-95b97338ef7e,391,2019-08-30T14:44:57Z,none,NiV|human|MYS|Nipah|1999,18246,5800,6168,185,368
b1a3d152-76a5-471d-b496-66d6032b6bbc,424,2019-08-30T14:44:57Z,none,NiV|human|MYS|Nipah|1999,18246,7026,7401,248,381
9339fd6c-7d52-4695-a8e0-f1659f67df5a,396,2019-08-30T14:44:57Z,none,NiV|human|MYS|Nipah|1999,18246,7026,7401,175,377
aac5c52d-3642-4d8a-b1d9-ebf9b78e6bb0,409,2019-08-30T14:44:57Z,none,NiV|human|MYS|Nipah|1999,18246,11561,11855,60,294
207644b9-0604-40de-bbe6-7800840728ab,354,2019-08-30T14:44:58Z,none,NiV|human|MYS|Nipah|1999,18246,15152,15478,234,332
b3f0f77e-3b45-40e1-8277-62bed5ccf593,313,2019-08-30T14:44:58Z,none,NiV|human|MYS|Nipah|1999,18246,3438,3737,143,299
8b8b3688-ebfa-4a12-9768-2283e6d37b77,409,2019-08-30T14:44:57Z,none,NiV|human|MYS|Nipah|1999,18246,6110,6450,216,341
053d7f71-0d24-4283-b082-ca0ccaaab366,400,2019-08-30T14:44:57Z,none,NiV|human|MYS|Nipah|1999,18246,1914,2178,136,264
b6caffd5-cacd-430b-a70f-9c0afc59490b,423,2019-08-30T14:44:57Z,none,NiV|human|MYS|Nipah|1999,18246,4910,5264,237,361
49cd115c-e1f0-4447-8174-888b973ab47b,410,2019-08-30T14:44:57Z,none,NiV|human|MYS|Nipah|1999,18246,3827,4092,111,265
28ef3ba7-d543-4b18-902d-dc5dc5aa3d3a,395,2019-08-30T14:44:57Z,none,NiV|human|MYS|Nipah|1999,18246,13030,13409,269,381
27a4131b-4ed7-4047-ba96-a86e24bec0f8,252,2019-08-30T14:44:58Z,none,NiV|human|MYS|Nipah|1999,18246,8716,8883,103,169
f84ed99b-fb74-410c-b295-8ff49c747b83,457,2019-08-30T14:44:57Z,none,NiV|human|MYS|Nipah|1999,18246,15788,16198,293,425
76ab9f2c-7b47-4578-872f-34318a1817fe,394,2019-08-30T14:44:57Z,none,NiV|human|MYS|Nipah|1999,18246,11815,12170,187,357
021d484d-0e30-4852-899f-a44c909b0fd3,419,2019-08-30T14:44:57Z,none,NiV|human|MYS|Nipah|1999,18246,5528,5895,207,370
3aa6e904-c668-4558-97ec-391e0b44b931,396,2019-08-30T14:44:57Z,none,NiV|human|MYS|Nipah|1999,18246,14283,14655,278,374
33f06ddb-1fa2-4ac1-81a0-c6d87a116716,383,2019-08-30T14:44:57Z,none,NiV|human|MYS|Nipah|1999,18246,16122,16471,249,351
41ca4ab2-7ada-4632-b31f-5b098387d5b4,434,2019-08-30T14:44:57Z,none,NiV|human|MYS|Nipah|1999,18246,14283,14667,198,386
fd3911ff-77bf-4098-8826-d1dfb2c7e4b9,423,2019-08-30T14:44:57Z,none,NiV|human|MYS|Nipah|1999,18246,14294,14646,87,352
7cb7c64e-627c-4855-adeb-33dabcdd050b,837,2019-08-30T14:44:56Z,none,NiV|human|MYS|Nipah|1999,18246,12384,12764,306,386
7cb7c64e-627c-4855-adeb-33dabcdd050b,837,2019-08-30T14:44:56Z,none,NiV|human|MYS|Nipah|1999,18246,5518,5895,205,386
071d88e5-b6c8-4fc1-87af-15bc6f51a784,388,2019-08-30T14:44:57Z,none,NiV|human|MYS|Nipah|1999,18246,14006,14340,199,335
e546aa10-f55a-4db8-9982-8218aa4985a3,391,2019-08-30T14:44:57Z,none,NiV|human|MYS|Nipah|1999,18246,7682,8052,253,373
d66a483a-9390-46f6-86e5-2f4b54048514,413,2019-08-30T14:44:57Z,none,NiV|human|MYS|Nipah|1999,18246,13975,14281,189,312
ee4b8a01-bb81-4eb0-bc7a-18578c8d2676,389,2019-08-30T14:44:57Z,none,NiV|human|MYS|Nipah|1999,18246,10444,10644,92,200
2fe3f505-e37d-41ab-9f9e-e4e0d786de21,393,2019-08-30T14:44:56Z,none,NiV|human|MYS|Nipah|1999,18246,8322,8603,79,281
fd6e81b5-b315-4955-8b0f-c8a12830c20f,370,2019-08-30T14:44:57Z,none,NiV|human|MYS|Nipah|1999,18246,1874,2170,246,300
4e79f0d4-9b37-49da-8477-09d4be0ec3bf,400,2019-08-30T14:44:56Z,none,NiV|human|MYS|Nipah|1999,18246,11789,12135,182,347
253471b9-74ca-4b97-a4a9-5c9d880cc483,387,2019-08-30T14:44:57Z,none,NiV|human|MYS|Nipah|1999,18246,10731,11039,205,310
104f4c1e-c0cb-47ac-9748-504d4d7c4ad3,404,2019-08-30T14:44:57Z,none,NiV|human|MYS|Nipah|1999,18246,7350,7730,290,384
aeae3498-446b-4c9d-a280-4a970a46b099,398,2019-08-30T14:44:56Z,none,NiV|human|MYS|Nipah|1999,18246,7026,7394,280,370
0b4fb494-6133-427e-9931-8920dc8a7924,397,2019-08-30T14:44:57Z,none,NiV|human|MYS|Nipah|1999,18246,10384,10746,252,366
3764fa48-6ad5-47e5-bd30-468f0f75c864,413,2019-08-30T14:44:57Z,none,NiV|human|MYS|Nipah|1999,18246,7675,8016,252,345
dc52b0aa-e9ac-449f-974f-4be5c30b8231,395,2019-08-30T14:44:57Z,none,NiV|human|MYS|Nipah|1999,18246,17898,18169,155,272
629f1f7c-3ca7-4a5d-bee9-c7e9a1ea64b7,427,2019-08-30T14:44:57Z,none,NiV|human|MYS|Nipah|1999,18246,8271,8628,253,362
cb5fa782-56bc-41c6-ac00-62ba51def452,416,2019-08-30T14:44:56Z,none,NiV|human|MYS|Nipah|1999,18246,11532,11909,270,391
cfda791c-38ed-457f-93c2-4292694b40da,454,2019-08-30T14:44:57Z,none,NiV|human|MYS|Nipah|1999,18246,15273,15549,195,285
17ced382-c7db-498d-8914-5cd6b1095f36,374,2019-08-30T14:44:57Z,none,NiV|human|MYS|Nipah|1999,18246,5815,6168,226,362
5c73cc99-d68f-49d9-9432-56c4270e098e,422,2019-08-30T14:44:57Z,none,NiV|human|MYS|Nipah|1999,18246,1240,1617,217,378
212f9718-8dbd-4068-b4d3-9d1cae21aecd,421,2019-08-30T14:44:56Z,none,NiV|human|MYS|Nipah|1999,18246,1248,1620,292,373
87c35ca7-3cf3-4a06-aa13-4dfb82e02c06,416,2019-08-30T14:44:57Z,none,NiV|human|MYS|Nipah|1999,18246,17822,18191,162,369
a643aa60-3f23-404a-b127-9addae3b180f,210,2019-08-30T14:44:57Z,none,NiV|human|MYS|Nipah|1999,18246,297,401,68,104
7eebe61f-075e-4679-8ff0-f62953a48a6e,423,2019-08-30T14:44:57Z,none,NiV|human|MYS|Nipah|1999,18246,4910,5264,227,357
e1c91b0f-6ebe-4ddd-b1f2-167f39fd8397,394,2019-08-30T14:44:57Z,none,NiV|human|MYS|Nipah|1999,18246,13974,14315,210,344
51b5e11c-f003-4bf3-a623-c8097dbd4699,419,2019-08-30T14:44:56Z,none,NiV|human|MYS|Nipah|1999,18246,2798,3153,224,361
